game,category,subcategory,category_id,player,time,date,platform,emulator,run_id
Duck Life 1,No Major Glitches,Any%,yd48w56ejdrp8mg2jq6y4zn1,Caarda,726,2026-07-08,Flash,False,ylw467rz
Duck Life 1,No Major Glitches,Any%,yd48w56ejdrp8mg2jq6y4zn1,Creepiumgamer,735,2024-03-12,Flash,False,yldk24km
Duck Life 1,No Major Glitches,Any%,yd48w56ejdrp8mg2jq6y4zn1,Sabi2798,736,2022-03-28,Flash,False,ywjld73z
Duck Life 1,No Major Glitches,Any%,yd48w56ejdrp8mg2jq6y4zn1,pianodude1011,743,2021-04-27,Flash,False,z5rjrl5y
Duck Life 1,No Major Glitches,Any%,yd48w56ejdrp8mg2jq6y4zn1,rothegreat,743,2023-07-19,Flash,False,y4o659dz
Duck Life 1,No Major Glitches,Any%,yd48w56ejdrp8mg2jq6y4zn1,Cheggjon,744,2018-10-11,Flash,False,y6pnvj0m
Duck Life 1,No Major Glitches,Any%,yd48w56ejdrp8mg2jq6y4zn1,Fqceless,754,2020-11-30,Flash,False,me6071qz
Duck Life 1,No Major Glitches,Any%,yd48w56ejdrp8mg2jq6y4zn1,ennopponetwelve,756,2020-06-19,Flash,False,yjl8l6oz
Duck Life 1,No Major Glitches,Any%,yd48w56ejdrp8mg2jq6y4zn1,chalk_,757,2025-04-19,Flash,False,zper15ry
Duck Life 1,No Major Glitches,Any%,yd48w56ejdrp8mg2jq6y4zn1,Raffii,758,2018-09-25,Flash,False,y6p9okjm
Duck Life 1,No Major Glitches,Any%,yd48w56ejdrp8mg2jq6y4zn1,cheavus,758,2021-01-28,Flash,False,znok6ovy
Duck Life 1,No Major Glitches,Any%,yd48w56ejdrp8mg2jq6y4zn1,Pale_Manny,758,2026-07-17,Flash,False,z145517z
Duck Life 1,No Major Glitches,Any%,yd48w56ejdrp8mg2jq6y4zn1,Lodren,758,2026-07-19,Flash,False,m74gx39m
Duck Life 1,No Major Glitches,Any%,yd48w56ejdrp8mg2jq6y4zn1,LogicDefender,762,2021-04-08,Flash,False,me9r5gqz
Duck Life 1,No Major Glitches,Any%,yd48w56ejdrp8mg2jq6y4zn1,Arbusion,767,2022-06-14,Flash,False,mr7l19dz
Duck Life 1,No Major Glitches,Any%,yd48w56ejdrp8mg2jq6y4zn1,Kyrette,772,2018-08-06,Flash,False,z11oj4gz
Duck Life 1,No Major Glitches,Any%,yd48w56ejdrp8mg2jq6y4zn1,Dragox3,772,2024-04-03,Flash,False,yo06l5dy
Duck Life 1,No Major Glitches,Any%,yd48w56ejdrp8mg2jq6y4zn1,Lachurs,774,2021-01-19,Flash,False,zqg6oq9m
Duck Life 1,No Major Glitches,Any%,yd48w56ejdrp8mg2jq6y4zn1,Psylaris,779,2021-08-21,Flash,False,y931wrky
Duck Life 1,No Major Glitches,Any%,yd48w56ejdrp8mg2jq6y4zn1,ankka,783,2021-01-03,Flash,False,y4e4ke3m
Duck Life 1,No Major Glitches,Any%,yd48w56ejdrp8mg2jq6y4zn1,MambaDooEezy,783,2021-04-23,Flash,False,m3r17wdm
Duck Life 1,No Major Glitches,Any%,yd48w56ejdrp8mg2jq6y4zn1,Reality1337,784,2021-02-20,Flash,False,mr4rkkgz
Duck Life 1,No Major Glitches,Any%,yd48w56ejdrp8mg2jq6y4zn1,pr1sm,785,2020-12-28,Flash,False,m3g894gz
Duck Life 1,No Major Glitches,Any%,yd48w56ejdrp8mg2jq6y4zn1,Axther,787,2020-12-29,Flash,False,zplvlogm
Duck Life 1,No Major Glitches,Any%,yd48w56ejdrp8mg2jq6y4zn1,UnrealArchon,788,2021-01-04,Flash,False,yj6vv5gz
Duck Life 1,No Major Glitches,Any%,yd48w56ejdrp8mg2jq6y4zn1,snivy,789,2021-03-06,Flash,False,y66q1vpy
Duck Life 1,No Major Glitches,Any%,yd48w56ejdrp8mg2jq6y4zn1,FlipK1cky,790,2020-12-13,Flash,False,y4elkk2m
Duck Life 1,No Major Glitches,Any%,yd48w56ejdrp8mg2jq6y4zn1,JonnyXX9,790,2020-12-28,Flash,False,mr9wq2dm
Duck Life 1,No Major Glitches,Any%,yd48w56ejdrp8mg2jq6y4zn1,piplup17,793,2024-04-08,Flash,False,ydndq3wm
Duck Life 1,No Major Glitches,Any%,yd48w56ejdrp8mg2jq6y4zn1,TheGlitched64,796,2021-01-05,Flash,False,y6r15d1y
Duck Life 1,No Major Glitches,Any%,yd48w56ejdrp8mg2jq6y4zn1,LDJ1337,796,2021-01-05,Flash,False,y4ed852m
Duck Life 1,No Major Glitches,Any%,yd48w56ejdrp8mg2jq6y4zn1,Regia,798,2024-04-07,Flash,False,zp6244rm
Duck Life 1,No Major Glitches,Any%,yd48w56ejdrp8mg2jq6y4zn1,bananaman1302,801,2022-03-05,Flash,False,yjx74xnz
Duck Life 1,No Major Glitches,100%,yd48w56ejdrp8mg25lm8xgyq,Caarda,801,2026-07-08,Flash,False,ydx320wz
Duck Life 1,No Major Glitches,Any%,yd48w56ejdrp8mg2jq6y4zn1,FlawlessDiamond,802,2021-01-07,Flash,False,y6r114qy
Duck Life 1,No Major Glitches,Any%,yd48w56ejdrp8mg2jq6y4zn1,ThePenelopySisters,803,2024-11-10,Flash,False,z0q4jw8m
Duck Life 1,No Major Glitches,Any%,yd48w56ejdrp8mg2jq6y4zn1,life8853,804,2021-01-04,Flash,False,z094vdoz
Duck Life 1,No Major Glitches,Any%,yd48w56ejdrp8mg2jq6y4zn1,Joeeigel,805,2017-01-29,Flash,False,pydpk0jy
Duck Life 1,No Major Glitches,Any%,yd48w56ejdrp8mg2jq6y4zn1,FlavienSR,805,2021-02-11,Flash,False,zqgvpr1m
Duck Life 1,No Major Glitches,Any%,yd48w56ejdrp8mg2jq6y4zn1,JustAKiddo,806,2021-01-26,Flash,False,mr4epl4z
Duck Life 1,No Major Glitches,Any%,yd48w56ejdrp8mg2jq6y4zn1,acrosonic,807,2021-01-02,Flash,False,y91qnqem
Duck Life 1,No Major Glitches,Any%,yd48w56ejdrp8mg2jq6y4zn1,SummerPi314159,807,2026-07-07,Flash,False,yw7pj79z
Duck Life 1,No Major Glitches,Any%,yd48w56ejdrp8mg2jq6y4zn1,Ways16,808,2022-06-09,Flash,False,yjp88edy
Duck Life 1,No Major Glitches,100%,yd48w56ejdrp8mg25lm8xgyq,Creepiumgamer,808,2024-03-12,Flash,False,yo0kgpdy
Duck Life 1,No Major Glitches,100%,yd48w56ejdrp8mg25lm8xgyq,Sabi2798,809,2021-12-24,Flash,False,zq0wd6ry
Duck Life 1,No Major Glitches,Any%,yd48w56ejdrp8mg2jq6y4zn1,ZoomingArrow,810,2018-07-04,Flash,False,me88253m
Duck Life 1,No Major Glitches,Any%,yd48w56ejdrp8mg2jq6y4zn1,furyian,810,2020-12-27,Flash,False,y8rnglwm
Duck Life 1,No Major Glitches,Any%,yd48w56ejdrp8mg2jq6y4zn1,schefey,810,2021-07-18,Flash,False,ydr7l7wz
Duck Life 1,No Major Glitches,Any%,yd48w56ejdrp8mg2jq6y4zn1,OutrageousJosh,811,2015-08-30,Flash,False,6yj12pgy
Duck Life 1,No Major Glitches,Any%,yd48w56ejdrp8mg2jq6y4zn1,mattshea,813,2021-01-02,Flash,False,mk8nv2xm
Duck Life 1,No Major Glitches,Any%,yd48w56ejdrp8mg2jq6y4zn1,Epicoz,814,2021-01-16,Flash,False,y425wdqm
Duck Life 1,No Major Glitches,Any%,yd48w56ejdrp8mg2jq6y4zn1,ILikeBaguette25,814,2026-03-08,Flash,False,mrwke02y
Duck Life 1,No Major Glitches,Any%,yd48w56ejdrp8mg2jq6y4zn1,SpeedrunNerd,815,2022-06-17,Flash,False,yvrv4pez
Duck Life 1,No Major Glitches,Any%,yd48w56ejdrp8mg2jq6y4zn1,Maqic,816,2015-07-31,Flash,False,pyd0p9qz
Duck Life 1,No Major Glitches,Any%,yd48w56ejdrp8mg2jq6y4zn1,csercser3,818,2021-01-28,Flash,False,zx620n8z
Duck Life 1,No Major Glitches,Any%,yd48w56ejdrp8mg2jq6y4zn1,blister269,818,2022-11-12,Flash,False,y2e4o29y
Duck Life 1,No Major Glitches,100%,yd48w56ejdrp8mg25lm8xgyq,Cheggjon,820,2021-01-05,Flash,False,z09g53jz
Duck Life 1,No Major Glitches,Any%,yd48w56ejdrp8mg2jq6y4zn1,Stuwe,820,2026-07-12,Flash,False,yvk3q36m
Duck Life 1,No Major Glitches,Any%,yd48w56ejdrp8mg2jq6y4zn1,OwnJoke,821,2021-01-06,Flash,False,ywdl849z
Duck Life 1,No Major Glitches,Any%,yd48w56ejdrp8mg2jq6y4zn1,SayonUnderscore,821,2021-01-30,Flash,False,y66r54qy
Duck Life 1,No Major Glitches,Any%,yd48w56ejdrp8mg2jq6y4zn1,Crazy_Soup,822,2020-12-31,Flash,False,zplvo1xm
Duck Life 1,No Major Glitches,Any%,yd48w56ejdrp8mg2jq6y4zn1,peanutninja,823,2020-12-28,Flash,False,yj6r3p3z
Duck Life 1,No Major Glitches,Any%,yd48w56ejdrp8mg2jq6y4zn1,jcamp613,823,2020-12-31,Flash,False,yj6r72oz
Duck Life 1,No Major Glitches,Any%,yd48w56ejdrp8mg2jq6y4zn1,MCBHammer,824,2020-10-29,Flash,False,zn31519y
Duck Life 1,No Major Glitches,Any%,yd48w56ejdrp8mg2jq6y4zn1,Cyan1,824,2020-12-26,Flash,False,mr9578gm
Duck Life 1,No Major Glitches,Any%,yd48w56ejdrp8mg2jq6y4zn1,panda-dan-yt,825,2020-12-21,Flash,False,yv97qlez
Duck Life 1,No Major Glitches,Any%,yd48w56ejdrp8mg2jq6y4zn1,Bronsicle,826,2021-01-30,Flash,False,mr49dwdz
Duck Life 1,No Major Glitches,Any%,yd48w56ejdrp8mg2jq6y4zn1,Te_N_,826,2021-02-23,Flash,False,zp3gdr8m
Duck Life 1,No Major Glitches,Any%,yd48w56ejdrp8mg2jq6y4zn1,Ris_Grestar,826,2021-11-15,Flash,False,zqvod3xm
Duck Life 1,No Major Glitches,Any%,yd48w56ejdrp8mg2jq6y4zn1,CGMB,827,2018-11-28,Flash,False,mk9v0r3z
Duck Life 1,No Major Glitches,Any%,yd48w56ejdrp8mg2jq6y4zn1,octopiee,827,2020-08-23,Flash,False,m7gkgj9m
Duck Life 1,No Major Glitches,Any%,yd48w56ejdrp8mg2jq6y4zn1,Mykhul,827,2020-12-27,Flash,False,zpl5k7rm
Duck Life 1,No Major Glitches,Any%,yd48w56ejdrp8mg2jq6y4zn1,TrentinQuarantino,827,2021-01-07,Flash,False,mk86wp3m
Duck Life 1,No Major Glitches,100%,yd48w56ejdrp8mg25lm8xgyq,ennopponetwelve,829,2020-04-17,Flash,False,zx2k6rgm
Duck Life 1,No Major Glitches,Any%,yd48w56ejdrp8mg2jq6y4zn1,badmuchachob,829,2020-06-24,Flash,False,z05nkvjm
Duck Life 1,No Major Glitches,Any%,yd48w56ejdrp8mg2jq6y4zn1,CeleryControl,829,2021-02-03,Flash,False,y4226ndm
Duck Life 1,No Major Glitches,Any%,yd48w56ejdrp8mg2jq6y4zn1,leando,829,2022-06-20,Flash,False,mr722xgz
Duck Life 1,No Major Glitches,Any%,yd48w56ejdrp8mg2jq6y4zn1,Gabriel.Hartman,830,2018-06-12,Flash,False,z03ernez
Duck Life 1,No Major Glitches,Any%,yd48w56ejdrp8mg2jq6y4zn1,Jeser101,830,2018-06-19,Flash,False,yvjgnwoy
Duck Life 1,No Major Glitches,Any%,yd48w56ejdrp8mg2jq6y4zn1,Bunger,830,2021-01-04,Flash,False,ylvw893m
Duck Life 1,No Major Glitches,Any%,yd48w56ejdrp8mg2jq6y4zn1,InsErtNameHere46,830,2021-04-10,Flash,False,yo7vj85m
Duck Life 1,No Major Glitches,Any%,yd48w56ejdrp8mg2jq6y4zn1,MerpItUp,832,2021-01-14,Flash,False,yv245o8m
Duck Life 1,No Major Glitches,Any%,yd48w56ejdrp8mg2jq6y4zn1,Apl3ater,833,2021-01-05,Flash,False,y2do125z
Duck Life 1,No Major Glitches,100%,yd48w56ejdrp8mg25lm8xgyq,Lodren,834,2026-07-18,Flash,False,z145rnrz
Duck Life 1,No Major Glitches,Any%,yd48w56ejdrp8mg2jq6y4zn1,Brian_WF,835,2020-12-27,Flash,False,y2dr8rjz
Duck Life 1,No Major Glitches,100%,yd48w56ejdrp8mg25lm8xgyq,Kyrette,836,2018-05-21,Flash,False,yvgwwq8y
Duck Life 1,No Major Glitches,Any%,yd48w56ejdrp8mg2jq6y4zn1,Brave,836,2020-11-15,Flash,False,m3g3exqz
Duck Life 1,No Major Glitches,Any%,yd48w56ejdrp8mg2jq6y4zn1,StarGic,836,2020-12-26,Flash,False,ywd5jdnz
Duck Life 1,No Major Glitches,Any%,yd48w56ejdrp8mg2jq6y4zn1,redding,836,2021-11-04,Flash,False,z5d6k4em
Duck Life 1,No Major Glitches,Any%,yd48w56ejdrp8mg2jq6y4zn1,AnnoyingFishe,837,2021-01-14,Flash,False,y429l72m
Duck Life 1,No Major Glitches,Any%,yd48w56ejdrp8mg2jq6y4zn1,wisdom_horse,837,2021-10-03,Flash,False,z07xr28y
Duck Life 1,No Major Glitches,Any%,yd48w56ejdrp8mg2jq6y4zn1,dazed,837,2023-03-25,Flash,False,mkvr17vy
Duck Life 1,No Major Glitches,Any%,yd48w56ejdrp8mg2jq6y4zn1,mittens_11,838,2022-03-27,Flash,False,ywjle23z
Duck Life 1,No Major Glitches,Any%,yd48w56ejdrp8mg2jq6y4zn1,KurtSkrrt,838,2022-08-02,Flash,False,m3xdxngm
Duck Life 1,No Major Glitches,Any%,yd48w56ejdrp8mg2jq6y4zn1,Intalijowe,839,2018-01-05,Flash,False,y67qqx0m
Duck Life 1,No Major Glitches,Any%,yd48w56ejdrp8mg2jq6y4zn1,BoostedBeta,839,2021-04-17,Flash,False,z1r3e7jm
Duck Life 1,No Major Glitches,Any%,yd48w56ejdrp8mg2jq6y4zn1,ShankerJN,840,2021-01-06,Flash,False,z1oenkjm
Duck Life 1,No Major Glitches,Any%,yd48w56ejdrp8mg2jq6y4zn1,ZZJET7,840,2021-01-24,Flash,False,m78qnw5z
Duck Life 1,No Major Glitches,Any%,yd48w56ejdrp8mg2jq6y4zn1,Meme,840,2021-02-04,Flash,False,yd997owz
Duck Life 1,No Major Glitches,Any%,yd48w56ejdrp8mg2jq6y4zn1,LexonLexoff,841,2021-01-02,Flash,False,z5340kgy
Duck Life 1,No Major Glitches,Any%,yd48w56ejdrp8mg2jq6y4zn1,Pokeypsu07,841,2021-03-24,Flash,False,m3n24rwy
Duck Life 1,No Major Glitches,Any%,yd48w56ejdrp8mg2jq6y4zn1,GrizHawk,841,2021-04-16,Flash,False,mr1qpv4z
Duck Life 1,No Major Glitches,Any%,yd48w56ejdrp8mg2jq6y4zn1,duckpig13,842,2021-01-31,Flash,False,yv29elem
Duck Life 1,No Major Glitches,Any%,yd48w56ejdrp8mg2jq6y4zn1,Klerpx,843,2018-03-05,Flash,False,zpq50ovy
Duck Life 1,No Major Glitches,Any%,yd48w56ejdrp8mg2jq6y4zn1,Creggaeton,843,2021-01-09,Flash,False,yo31r07y
Duck Life 1,No Major Glitches,Any%,yd48w56ejdrp8mg2jq6y4zn1,Danxi,843,2021-02-26,Flash,False,m3nlpn6y
Duck Life 1,No Major Glitches,Any%,yd48w56ejdrp8mg2jq6y4zn1,MoistBrownie,844,2021-12-18,Flash,False,z12j8ory
Duck Life 1,No Major Glitches,Any%,yd48w56ejdrp8mg2jq6y4zn1,pud3222,845,2020-12-26,Flash,False,yj67o4gz
Duck Life 1,No Major Glitches,Any%,yd48w56ejdrp8mg2jq6y4zn1,DLChamp,845,2021-01-08,Flash,False,yj6nlvoz
Duck Life 1,No Major Glitches,Any%,yd48w56ejdrp8mg2jq6y4zn1,MrSouls1947,845,2021-01-08,Flash,False,yv9w9l6z
Duck Life 1,No Major Glitches,Any%,yd48w56ejdrp8mg2jq6y4zn1,JClawy,846,2019-08-26,Flash,False,yw4k1r9z
Duck Life 1,No Major Glitches,Any%,yd48w56ejdrp8mg2jq6y4zn1,fivehead,846,2020-12-29,Flash,False,ywdoj50z
Duck Life 1,No Major Glitches,Any%,yd48w56ejdrp8mg2jq6y4zn1,dtsayshi,846,2021-07-15,Flash,False,y8d7j2xz
Duck Life 1,No Major Glitches,Any%,yd48w56ejdrp8mg2jq6y4zn1,crustyspeed,846,2024-01-14,Flash,False,yd2o87jm
Duck Life 1,No Major Glitches,Any%,yd48w56ejdrp8mg2jq6y4zn1,Shuckle44,847,2021-02-14,Flash,False,y9nlk0nz
Duck Life 1,No Major Glitches,Any%,yd48w56ejdrp8mg2jq6y4zn1,LowVVVV,848,2024-05-25,Flash,False,y9jp25km
Duck Life 1,No Major Glitches,Any%,yd48w56ejdrp8mg2jq6y4zn1,Srp321,850,2020-12-28,Flash,False,zxd5edqy
Duck Life 1,No Major Glitches,Any%,yd48w56ejdrp8mg2jq6y4zn1,Jack3226,851,2019-04-30,Flash,False,m7pkr74m
Duck Life 1,No Major Glitches,Any%,yd48w56ejdrp8mg2jq6y4zn1,zypotic,851,2021-01-10,Flash,False,y2dln2wz
Duck Life 1,No Major Glitches,Any%,yd48w56ejdrp8mg2jq6y4zn1,Techno64,851,2021-02-14,Flash,False,m78w2o4z
Duck Life 1,No Major Glitches,Any%,yd48w56ejdrp8mg2jq6y4zn1,brook1yn_,851,2024-03-06,Flash,False,zq8rog5z
Duck Life 1,No Major Glitches,Any%,yd48w56ejdrp8mg2jq6y4zn1,pancakezgaming,852,2021-01-21,Flash,False,y423gd3m
Duck Life 1,No Major Glitches,Any%,yd48w56ejdrp8mg2jq6y4zn1,Pogo17,853,2017-03-20,Flash,False,dy4pokny
Duck Life 1,No Major Glitches,Any%,yd48w56ejdrp8mg2jq6y4zn1,tonusbonus,853,2021-01-10,Flash,False,zgv4lq0z
Duck Life 1,No Major Glitches,Any%,yd48w56ejdrp8mg2jq6y4zn1,kalebbbbb,853,2021-02-07,Flash,False,y2vx8xjz
Duck Life 1,No Major Glitches,Any%,yd48w56ejdrp8mg2jq6y4zn1,BlueCrystal004,855,2015-07-30,Flash,False,pzgv9qvz
Duck Life 1,No Major Glitches,Any%,yd48w56ejdrp8mg2jq6y4zn1,cunure,856,2021-03-03,Flash,False,yd92e3jz
Duck Life 1,No Major Glitches,Any%,yd48w56ejdrp8mg2jq6y4zn1,Aspen71,856,2021-09-07,Flash,False,y69ne6jy
Duck Life 1,No Major Glitches,Any%,yd48w56ejdrp8mg2jq6y4zn1,T0XICReaper,857,2021-01-03,Flash,False,z534ne5y
Duck Life 1,No Major Glitches,Any%,yd48w56ejdrp8mg2jq6y4zn1,OverheadRed,857,2021-01-29,Flash,False,zqg4335m
Duck Life 1,No Major Glitches,Any%,yd48w56ejdrp8mg2jq6y4zn1,DrakeJman,858,2020-12-30,Flash,False,mk8xpvlm
Duck Life 1,No Major Glitches,Any%,yd48w56ejdrp8mg2jq6y4zn1,Dankey19,858,2021-01-01,Flash,False,z1o4ov9m
Duck Life 1,No Major Glitches,Any%,yd48w56ejdrp8mg2jq6y4zn1,donuts-and-chickens,858,2021-01-06,Flash,False,mk86k1vm
Duck Life 1,No Major Glitches,Any%,yd48w56ejdrp8mg2jq6y4zn1,pdspeed,859,2023-02-20,Flash,False,y80kq1dm
Duck Life 1,No Major Glitches,Any%,yd48w56ejdrp8mg2jq6y4zn1,Chuf,859,2024-12-24,Flash,False,y4jww0dy
Duck Life 1,No Major Glitches,Any%,yd48w56ejdrp8mg2jq6y4zn1,itsgreeeny,861,2020-12-26,Flash,False,z09knvez
Duck Life 1,No Major Glitches,Any%,yd48w56ejdrp8mg2jq6y4zn1,Goldenux,862,2021-01-16,Flash,False,z50o7jgy
Duck Life 1,No Major Glitches,Any%,yd48w56ejdrp8mg2jq6y4zn1,goatcheese,862,2021-02-25,Flash,False,ylonj42y
Duck Life 1,No Major Glitches,100%,yd48w56ejdrp8mg25lm8xgyq,Fqceless,863,2018-06-06,Flash,False,m7p1rqem
Duck Life 1,No Major Glitches,Any%,yd48w56ejdrp8mg2jq6y4zn1,Pyromanic8,864,2023-09-17,Flash,False,y6q7161z
Duck Life 1,No Major Glitches,Any%,yd48w56ejdrp8mg2jq6y4zn1,KiJiJiCasul,865,2020-12-31,Flash,False,z1o0ejgm
Duck Life 1,No Major Glitches,Any%,yd48w56ejdrp8mg2jq6y4zn1,SoupSiren,865,2024-11-15,Flash,False,ydl7eqwz
Duck Life 1,No Major Glitches,Any%,yd48w56ejdrp8mg2jq6y4zn1,Mitespark,867,2020-12-28,Flash,False,yd0pqjjz
Duck Life 1,No Major Glitches,100%,yd48w56ejdrp8mg25lm8xgyq,piplup17,868,2022-06-14,Flash,False,y2pgn7wz
Duck Life 1,No Major Glitches,100%,yd48w56ejdrp8mg25lm8xgyq,ILikeBaguette25,870,2026-02-21,Flash,False,ydpq3dqy
Duck Life 1,No Major Glitches,Any%,yd48w56ejdrp8mg2jq6y4zn1,zackwebs,871,2017-12-31,Flash,False,y23kd89m
Duck Life 1,No Major Glitches,Any%,yd48w56ejdrp8mg2jq6y4zn1,Catcher,873,2021-01-08,Flash,False,yv9w6gxz
Duck Life 1,No Major Glitches,Any%,yd48w56ejdrp8mg2jq6y4zn1,Labyrinth,873,2021-05-06,Flash,False,y4r2e62z
Duck Life 1,No Major Glitches,Any%,yd48w56ejdrp8mg2jq6y4zn1,Matt4132,875,2018-10-20,Flash,False,y8982qdm
Duck Life 1,No Major Glitches,Any%,yd48w56ejdrp8mg2jq6y4zn1,standa.kostik,875,2020-12-27,Flash,False,yv95e0oz
Duck Life 1,No Major Glitches,Any%,yd48w56ejdrp8mg2jq6y4zn1,Irox,875,2021-01-03,Flash,False,zgv08onz
Duck Life 1,No Major Glitches,Any%,yd48w56ejdrp8mg2jq6y4zn1,PotatoLatte,875,2021-03-15,Flash,False,zgxjd4dm
Duck Life 1,No Major Glitches,Any%,yd48w56ejdrp8mg2jq6y4zn1,Luke1297,876,2021-01-08,Flash,False,yj6njr7z
Duck Life 1,No Major Glitches,100%,yd48w56ejdrp8mg25lm8xgyq,Raffii,877,2018-09-27,Flash,False,yd3en4xz
Duck Life 1,No Major Glitches,Any%,yd48w56ejdrp8mg2jq6y4zn1,WyoBear,877,2019-02-17,Flash,False,mk9w4oxz
Duck Life 1,No Major Glitches,Any%,yd48w56ejdrp8mg2jq6y4zn1,Lyfrano,878,2020-12-26,Flash,False,z09klgez
Duck Life 1,No Major Glitches,100%,yd48w56ejdrp8mg25lm8xgyq,TheGlitched64,879,2018-07-03,Flash,False,zn44xg3m
Duck Life 1,No Major Glitches,Any%,yd48w56ejdrp8mg2jq6y4zn1,Spencer_mooz,879,2022-01-28,Flash,False,y9l61gny
Duck Life 1,No Major Glitches,Any%,yd48w56ejdrp8mg2jq6y4zn1,Sir_Yupp,880,2021-01-17,Flash,False,m789xr4z
Duck Life 1,No Major Glitches,Any%,yd48w56ejdrp8mg2jq6y4zn1,seamaniac81,881,2018-03-22,Flash,False,zxvp2vgy
Duck Life 1,No Major Glitches,Any%,yd48w56ejdrp8mg2jq6y4zn1,FreezFrog,882,2020-12-28,Flash,False,y6r81j0y
Duck Life 1,No Major Glitches,Any%,yd48w56ejdrp8mg2jq6y4zn1,Molehole,883,2021-01-01,Flash,False,yd0pkejz
Duck Life 1,No Major Glitches,Any%,yd48w56ejdrp8mg2jq6y4zn1,Peakab0o,883,2021-01-02,Flash,False,zxdr788y
Duck Life 1,No Major Glitches,Any%,yd48w56ejdrp8mg2jq6y4zn1,Saragossa,883,2023-07-17,Flash,False,z0jxj29y
Duck Life 1,No Major Glitches,Any%,yd48w56ejdrp8mg2jq6y4zn1,SayMyName,884,2025-02-27,Flash,False,y6gv9rjm
Duck Life 1,No Major Glitches,Any%,yd48w56ejdrp8mg2jq6y4zn1,Chin,885,2020-12-26,Flash,False,zgv92kez
Duck Life 1,No Major Glitches,Any%,yd48w56ejdrp8mg2jq6y4zn1,realburntchicken,885,2021-01-08,Flash,False,zpl7rjvm
Duck Life 1,No Major Glitches,Any%,yd48w56ejdrp8mg2jq6y4zn1,haydosd22,885,2021-01-31,Flash,False,yw0d6d9m
Duck Life 1,No Major Glitches,Any%,yd48w56ejdrp8mg2jq6y4zn1,luckybeee,887,2022-06-16,Flash,False,yopnwv0m
Duck Life 1,No Major Glitches,100%,yd48w56ejdrp8mg25lm8xgyq,Tang207,888,2023-01-11,Flash,False,z1qr3g7y
Duck Life 1,No Major Glitches,Any%,yd48w56ejdrp8mg2jq6y4zn1,grycworm,889,2020-12-29,Flash,False,yo383v5y
Duck Life 1,No Major Glitches,Any%,yd48w56ejdrp8mg2jq6y4zn1,1nstant,890,2020-07-28,Flash,False,z1563ggy
Duck Life 1,No Major Glitches,Any%,yd48w56ejdrp8mg2jq6y4zn1,Sansone53,891,2018-08-12,Flash,False,zp0lwnnm
Duck Life 1,No Major Glitches,Any%,yd48w56ejdrp8mg2jq6y4zn1,MKWilliam,891,2020-12-26,Flash,False,zn35ew3y
Duck Life 1,No Major Glitches,Any%,yd48w56ejdrp8mg2jq6y4zn1,Shumi,891,2021-01-01,Flash,False,y91q79vm
Duck Life 1,No Major Glitches,Any%,yd48w56ejdrp8mg2jq6y4zn1,MoltenAir,891,2021-01-12,Flash,False,zx69285z
Duck Life 1,No Major Glitches,Any%,yd48w56ejdrp8mg2jq6y4zn1,Milovaith,892,2022-06-22,Flash,False,y88w9vxy
Duck Life 1,No Major Glitches,Any%,yd48w56ejdrp8mg2jq6y4zn1,Brrrrread,893,2021-02-02,Flash,False,y422842m
Duck Life 1,No Major Glitches,100%,yd48w56ejdrp8mg25lm8xgyq,FlipK1cky,894,2021-01-05,Flash,False,m75k66wz
Duck Life 1,No Major Glitches,Any%,yd48w56ejdrp8mg2jq6y4zn1,cobiscobby,895,2019-08-10,Flash,False,z570gn5m
Duck Life 1,No Major Glitches,Any%,yd48w56ejdrp8mg2jq6y4zn1,JamieMart98,896,2021-01-10,Flash,False,mk8jq8lm
Duck Life 1,No Major Glitches,Any%,yd48w56ejdrp8mg2jq6y4zn1,Nicko893,897,2019-02-04,Flash,False,me8nxvqm
Duck Life 1,No Major Glitches,Any%,yd48w56ejdrp8mg2jq6y4zn1,NotASwarm,897,2020-12-30,Flash,False,z092pgez
Duck Life 1,No Major Glitches,Any%,yd48w56ejdrp8mg2jq6y4zn1,Keegan42,897,2021-01-04,Flash,False,me6qkj3z
Duck Life 1,No Major Glitches,Any%,yd48w56ejdrp8mg2jq6y4zn1,BaconBitz11,897,2021-01-08,Flash,False,z1ow5jrm
Duck Life 1,No Major Glitches,Any%,yd48w56ejdrp8mg2jq6y4zn1,Dzhekson,898,2021-01-05,Flash,False,zn3np8vy
Duck Life 1,No Major Glitches,Any%,yd48w56ejdrp8mg2jq6y4zn1,goblin_boi_,898,2021-05-02,Flash,False,mkg8g8vy
Duck Life 1,No Major Glitches,100%,yd48w56ejdrp8mg25lm8xgyq,SpicyOranges,898,2022-12-26,Flash,False,ydg5evjy
Duck Life 1,No Major Glitches,Any%,yd48w56ejdrp8mg2jq6y4zn1,BoogeyMan,899,2020-12-27,Flash,False,y91wdrnm
Duck Life 1,No Major Glitches,Any%,yd48w56ejdrp8mg2jq6y4zn1,deimos_owo,899,2021-02-10,Flash,False,z067xxez
Duck Life 1,No Major Glitches,Any%,yd48w56ejdrp8mg2jq6y4zn1,BigMac,900,2016-01-27,Flash,False,9yoren0y
Duck Life 1,No Major Glitches,Any%,yd48w56ejdrp8mg2jq6y4zn1,GorillazAbbeyRoadie,900,2018-12-05,Flash,False,z03nv09z
Duck Life 1,No Major Glitches,Any%,yd48w56ejdrp8mg2jq6y4zn1,SmolDud,900,2020-12-31,Flash,False,y8rlgddm
Duck Life 1,No Major Glitches,Any%,yd48w56ejdrp8mg2jq6y4zn1,ScottWills22,900,2021-01-08,Flash,False,y4ep5qdm
Duck Life 1,No Major Glitches,Any%,yd48w56ejdrp8mg2jq6y4zn1,ThatDatFatPanda,903,2020-04-09,Flash,False,z5j1jp5m
Duck Life 1,No Major Glitches,Any%,yd48w56ejdrp8mg2jq6y4zn1,GanymedeUTDR,905,2026-07-05,Flash,False,ydx33dqz
Duck Life 1,No Major Glitches,Any%,yd48w56ejdrp8mg2jq6y4zn1,DPaq,906,2020-11-24,Flash,False,zn3jdk9y
Duck Life 1,No Major Glitches,Any%,yd48w56ejdrp8mg2jq6y4zn1,BurningBlaziken,906,2021-08-21,Flash,False,z1xo439m
Duck Life 1,No Major Glitches,Any%,yd48w56ejdrp8mg2jq6y4zn1,BluesyCorgi5587,907,2021-01-09,Flash,False,zpl7d1nm
Duck Life 1,No Major Glitches,Any%,yd48w56ejdrp8mg2jq6y4zn1,RebornILLUMINATI,908,2021-01-07,Flash,False,z1oe489m
Duck Life 1,No Major Glitches,Any%,yd48w56ejdrp8mg2jq6y4zn1,Eviosin,908,2022-08-31,Flash,False,y9xl78ry
Duck Life 1,No Major Glitches,100%,yd48w56ejdrp8mg25lm8xgyq,rothegreat,909,2021-01-08,Flash,False,ywdlpx3z
Duck Life 1,No Major Glitches,Any%,yd48w56ejdrp8mg2jq6y4zn1,tittylover690,909,2021-02-04,Flash,False,m3nn866y
Duck Life 1,No Major Glitches,Any%,yd48w56ejdrp8mg2jq6y4zn1,p1cklen1k,909,2021-02-04,Flash,False,me99qq3z
Duck Life 1,No Major Glitches,100%,yd48w56ejdrp8mg25lm8xgyq,Bronsicle,911,2021-01-31,Flash,False,m785n99z
Duck Life 1,No Major Glitches,Any%,yd48w56ejdrp8mg2jq6y4zn1,xzRockin,912,2016-06-18,Flash,False,6yj22ldm
Duck Life 1,No Major Glitches,Any%,yd48w56ejdrp8mg2jq6y4zn1,Sherika,912,2020-12-29,Flash,False,y6rwdxjy
Duck Life 1,No Major Glitches,Any%,yd48w56ejdrp8mg2jq6y4zn1,DeBugg,912,2021-01-02,Flash,False,zn3lqjly
Duck Life 1,No Major Glitches,100%,yd48w56ejdrp8mg25lm8xgyq,snivy,912,2021-07-19,Flash,False,ylqgk7kz
Duck Life 1,No Major Glitches,Any%,yd48w56ejdrp8mg2jq6y4zn1,Magster188,912,2022-06-21,Flash,False,yjpojngy
Duck Life 1,No Major Glitches,Any%,yd48w56ejdrp8mg2jq6y4zn1,athlete54321,913,2020-08-14,Flash,False,mk3xqj1z
Duck Life 1,No Major Glitches,Any%,yd48w56ejdrp8mg2jq6y4zn1,Silver76,914,2020-12-27,Flash,False,mr95w6dm
Duck Life 1,No Major Glitches,Any%,yd48w56ejdrp8mg2jq6y4zn1,Anduril,914,2021-01-07,Flash,False,me6q5e2z
Duck Life 1,No Major Glitches,Any%,yd48w56ejdrp8mg2jq6y4zn1,NoBoundaries,914,2021-03-26,Flash,False,ylo27gry
Duck Life 1,No Major Glitches,Any%,yd48w56ejdrp8mg2jq6y4zn1,THEFASTEST2,916,2023-04-15,Flash,False,y807lj5m
Duck Life 1,No Major Glitches,Any%,yd48w56ejdrp8mg2jq6y4zn1,grandeer,916,2024-02-04,Flash,False,mkq6q1lm
Duck Life 1,No Major Glitches,Any%,yd48w56ejdrp8mg2jq6y4zn1,PlexagonsBuff,916,2026-07-12,Flash,False,y841j35z
Duck Life 1,No Major Glitches,Any%,yd48w56ejdrp8mg2jq6y4zn1,EazySpeezy,918,2020-12-26,Flash,False,me6pjr3z
Duck Life 1,No Major Glitches,Any%,yd48w56ejdrp8mg2jq6y4zn1,awesomeotts,918,2021-01-11,Flash,False,zq4x51rm
Duck Life 1,No Major Glitches,Any%,yd48w56ejdrp8mg2jq6y4zn1,Matyim,919,2018-03-02,Flash,False,zxv0p7ey
Duck Life 1,No Major Glitches,Any%,yd48w56ejdrp8mg2jq6y4zn1,Azorbz,919,2021-01-25,Flash,False,zqgrp41m
Duck Life 1,No Major Glitches,Any%,yd48w56ejdrp8mg2jq6y4zn1,Erikfzf,920,2021-01-11,Flash,False,zxde56ey
Duck Life 1,No Major Glitches,100%,yd48w56ejdrp8mg25lm8xgyq,LowVVVV,920,2024-05-25,Flash,False,mkpo921y
Duck Life 1,No Major Glitches,Any%,yd48w56ejdrp8mg2jq6y4zn1,morbiose_juice,921,2023-09-24,Flash,False,m73prgwy
Duck Life 1,No Major Glitches,Any%,yd48w56ejdrp8mg2jq6y4zn1,jrod4pats,924,2020-12-26,Flash,False,mr952r8m
Duck Life 1,No Major Glitches,Any%,yd48w56ejdrp8mg2jq6y4zn1,22eyedgargoyle,925,2021-03-01,Flash,False,y9n8pjez
Duck Life 1,No Major Glitches,Any%,yd48w56ejdrp8mg2jq6y4zn1,matthew688,926,2020-12-26,Flash,False,zq45j3xm
Duck Life 1,No Major Glitches,Any%,yd48w56ejdrp8mg2jq6y4zn1,Kevy1885,927,2015-10-20,Flash,False,oy2xg16m
Duck Life 1,No Major Glitches,Any%,yd48w56ejdrp8mg2jq6y4zn1,JustXav,927,2021-01-06,Flash,False,ywd93xpz
Duck Life 1,No Major Glitches,Any%,yd48w56ejdrp8mg2jq6y4zn1,ScaryRedPanda,928,2020-12-26,Flash,False,zgv98ndz
Duck Life 1,No Major Glitches,Any%,yd48w56ejdrp8mg2jq6y4zn1,KingLavaCactus,929,2021-01-02,Flash,False,yo3g6ljy
Duck Life 1,No Major Glitches,Any%,yd48w56ejdrp8mg2jq6y4zn1,SchwarzSSB,929,2022-11-16,Flash,False,m7xkdj0y
Duck Life 1,No Major Glitches,Any%,yd48w56ejdrp8mg2jq6y4zn1,TXLonghornFan22,930,2020-12-26,Flash,False,yv95p18z
Duck Life 1,No Major Glitches,Any%,yd48w56ejdrp8mg2jq6y4zn1,JiffeVo,930,2021-01-15,Flash,False,y429p3nm
Duck Life 1,No Major Glitches,Any%,yd48w56ejdrp8mg2jq6y4zn1,Polariz,932,2017-02-20,Flash,False,6yj04xdz
Duck Life 1,No Major Glitches,Any%,yd48w56ejdrp8mg2jq6y4zn1,njtred,932,2020-12-27,Flash,False,yv95596z
Duck Life 1,No Major Glitches,Any%,yd48w56ejdrp8mg2jq6y4zn1,ayoitscat,934,2020-10-12,Flash,False,mr99eo8m
Duck Life 1,No Major Glitches,Any%,yd48w56ejdrp8mg2jq6y4zn1,ImDart,934,2021-01-03,Flash,False,y6r4g00y
Duck Life 1,No Major Glitches,100%,yd48w56ejdrp8mg25lm8xgyq,SummerPi314159,934,2026-06-26,Flash,False,yvk417xm
Duck Life 1,No Major Glitches,Any%,yd48w56ejdrp8mg2jq6y4zn1,MaxClash101,936,2020-12-10,Flash,False,yj69lpnz
Duck Life 1,No Major Glitches,Any%,yd48w56ejdrp8mg2jq6y4zn1,ZombiehunterX3,936,2021-01-09,Flash,False,mr936n7m
Duck Life 1,No Major Glitches,Any%,yd48w56ejdrp8mg2jq6y4zn1,AVitt,936,2021-01-21,Flash,False,zgx7q1em
Duck Life 1,No Major Glitches,Any%,yd48w56ejdrp8mg2jq6y4zn1,Antonyantys,937,2021-02-27,Flash,False,yo9nv25y
Duck Life 1,No Major Glitches,Any%,yd48w56ejdrp8mg2jq6y4zn1,CuteBob,938,2021-02-07,Flash,False,zno1e3ly
Duck Life 1,No Major Glitches,Any%,yd48w56ejdrp8mg2jq6y4zn1,Daddymonstar,939,2021-01-01,Flash,False,zn3l8gvy
Duck Life 1,No Major Glitches,Any%,yd48w56ejdrp8mg2jq6y4zn1,MiiKaa,939,2021-01-31,Flash,False,zp3l2ovm
Duck Life 1,No Major Glitches,100%,yd48w56ejdrp8mg25lm8xgyq,Meme,939,2021-02-03,Flash,False,z500kn5y
Duck Life 1,No Major Glitches,No Skill Seed,yd48w56ejdrp8mg281wem591,Caarda,940,2026-07-09,Flash,False,z043qkoy
Duck Life 1,No Major Glitches,Any%,yd48w56ejdrp8mg2jq6y4zn1,Bat,941,2021-01-03,Flash,False,ywd9ng9z
Duck Life 1,No Major Glitches,Any%,yd48w56ejdrp8mg2jq6y4zn1,mochimossball,942,2020-12-28,Flash,False,y2d63qjz
Duck Life 1,No Major Glitches,Any%,yd48w56ejdrp8mg2jq6y4zn1,DuckLifeEsports,943,2019-01-10,Flash,False,mk9p8qvz
Duck Life 1,No Major Glitches,Any%,yd48w56ejdrp8mg2jq6y4zn1,0Shadowz,943,2020-08-09,Flash,False,y6584v0z
Duck Life 1,No Major Glitches,Any%,yd48w56ejdrp8mg2jq6y4zn1,Deodatus_,943,2020-11-19,Flash,False,m75xl8wz
Duck Life 1,No Major Glitches,Any%,yd48w56ejdrp8mg2jq6y4zn1,alex742,945,2020-12-26,Flash,False,y4e0g82m
Duck Life 1,No Major Glitches,No Skill Seed,yd48w56ejdrp8mg281wem591,Sabi2798,946,2026-05-20,Flash,False,z10vgpgm
Duck Life 1,No Major Glitches,Any%,yd48w56ejdrp8mg2jq6y4zn1,barros_,946,2026-07-11,Flash,False,y64l560m
Duck Life 1,No Major Glitches,Any%,yd48w56ejdrp8mg2jq6y4zn1,Signal_Ehxx,948,2021-01-07,Flash,False,m3gpe1wz
Duck Life 1,No Major Glitches,Any%,yd48w56ejdrp8mg2jq6y4zn1,trumpetpapi2,949,2018-11-29,Flash,False,mr8ovogy
Duck Life 1,No Major Glitches,Any%,yd48w56ejdrp8mg2jq6y4zn1,TheCoolNinja4,951,2021-01-01,Flash,False,yd0xqjjz
Duck Life 1,No Major Glitches,Any%,yd48w56ejdrp8mg2jq6y4zn1,C43,952,2017-12-29,Flash,False,ydq2qvvm
Duck Life 1,No Major Glitches,Any%,yd48w56ejdrp8mg2jq6y4zn1,AvdolsFather,952,2019-12-19,Flash,False,zxkq37km
Duck Life 1,No Major Glitches,100%,yd48w56ejdrp8mg25lm8xgyq,KylarRen,952,2021-01-02,Flash,False,z534r2ey
Duck Life 1,No Major Glitches,Any%,yd48w56ejdrp8mg2jq6y4zn1,5CentBanana,953,2020-12-29,Flash,False,ywdojo0z
Duck Life 1,No Major Glitches,Any%,yd48w56ejdrp8mg2jq6y4zn1,henry_jackson0,954,2020-12-27,Flash,False,m75vo29z
Duck Life 1,No Major Glitches,Any%,yd48w56ejdrp8mg2jq6y4zn1,RedShurt,954,2020-12-28,Flash,False,z092598z
Duck Life 1,No Major Glitches,Any%,yd48w56ejdrp8mg2jq6y4zn1,Shenegade,954,2022-01-15,Flash,False,yorr7rdy
Duck Life 1,No Major Glitches,100%,yd48w56ejdrp8mg25lm8xgyq,SpeedrunNerd,955,2022-06-24,Flash,False,yop00x0m
Duck Life 1,No Major Glitches,No Skill Seed,yd48w56ejdrp8mg281wem591,Creepiumgamer,955,2024-04-06,Flash,False,zp6875nm
Duck Life 1,No Major Glitches,Any%,yd48w56ejdrp8mg2jq6y4zn1,Drewuid,956,2020-12-29,Flash,False,yo38re7y
Duck Life 1,No Major Glitches,100%,yd48w56ejdrp8mg25lm8xgyq,dtsayshi,956,2021-07-15,Flash,False,yv1dq1xy
Duck Life 1,No Major Glitches,Any%,yd48w56ejdrp8mg2jq6y4zn1,integralpython,958,2020-12-30,Flash,False,ylv2662m
Duck Life 1,No Major Glitches,Any%,yd48w56ejdrp8mg2jq6y4zn1,SZero01,958,2021-01-07,Flash,False,z53qld5y
Duck Life 1,No Major Glitches,Any%,yd48w56ejdrp8mg2jq6y4zn1,ITZ-YE-BOY-ADEN,958,2021-01-22,Flash,False,y42344nm
Duck Life 1,No Major Glitches,100%,yd48w56ejdrp8mg25lm8xgyq,Gabriel.Hartman,958,2021-03-19,Flash,False,y66j0p6y
Duck Life 1,No Major Glitches,Any%,yd48w56ejdrp8mg2jq6y4zn1,dolgo,959,2020-12-25,Flash,False,y91w3qkm
Duck Life 1,No Major Glitches,Any%,yd48w56ejdrp8mg2jq6y4zn1,barronw20,959,2020-12-27,Flash,False,m3g2vqgz
Duck Life 1,No Major Glitches,Any%,yd48w56ejdrp8mg2jq6y4zn1,ShadoweQ666,960,2020-12-29,Flash,False,m75jpq5z
Duck Life 1,No Major Glitches,No Skill Seed,yd48w56ejdrp8mg281wem591,Cheggjon,960,2021-01-05,Flash,False,mr9g667m
Duck Life 1,No Major Glitches,Any%,yd48w56ejdrp8mg2jq6y4zn1,yaradanakul,963,2020-12-31,Flash,False,y8rlg11m
Duck Life 1,No Major Glitches,Any%,yd48w56ejdrp8mg2jq6y4zn1,amik1337,963,2021-01-09,Flash,False,z09v9xez
Duck Life 1,No Major Glitches,Any%,yd48w56ejdrp8mg2jq6y4zn1,WitherMin,965,2020-12-26,Flash,False,zpl52egm
Duck Life 1,No Major Glitches,Any%,yd48w56ejdrp8mg2jq6y4zn1,Chicken_joe,965,2020-12-27,Flash,False,z536n3gy
Duck Life 1,No Major Glitches,Any%,yd48w56ejdrp8mg2jq6y4zn1,LochTechMonster,969,2015-11-22,Flash,False,1zxoke5z
Duck Life 1,No Major Glitches,Any%,yd48w56ejdrp8mg2jq6y4zn1,EverydayIsaac,969,2020-12-31,Flash,False,zn365nly
Duck Life 1,No Major Glitches,Any%,yd48w56ejdrp8mg2jq6y4zn1,GenoAaronix,972,2020-10-12,Flash,False,z0991l9z
Duck Life 1,No Major Glitches,Any%,yd48w56ejdrp8mg2jq6y4zn1,nerbos,973,2020-12-26,Flash,False,m75v3o5z
Duck Life 1,No Major Glitches,Any%,yd48w56ejdrp8mg2jq6y4zn1,leatMonke,973,2021-01-01,Flash,False,m7548x0z
Duck Life 1,No Major Glitches,Any%,yd48w56ejdrp8mg2jq6y4zn1,0r4nge,973,2021-01-05,Flash,False,me6qx52z
Duck Life 1,No Major Glitches,Any%,yd48w56ejdrp8mg2jq6y4zn1,hazzatron1,974,2016-10-21,Flash,False,2ywwj4ny
Duck Life 1,No Major Glitches,100%,yd48w56ejdrp8mg25lm8xgyq,schefey,976,2018-07-04,Flash,False,me88n09m
Duck Life 1,No Major Glitches,Any%,yd48w56ejdrp8mg2jq6y4zn1,rocketseed,977,2021-01-09,Flash,False,zgv4gldz
Duck Life 1,No Major Glitches,Any%,yd48w56ejdrp8mg2jq6y4zn1,LLawlietVI,978,2018-11-18,Flash,False,mr8rgk4y
Duck Life 1,No Major Glitches,Any%,yd48w56ejdrp8mg2jq6y4zn1,Bluely,980,2021-01-22,Flash,False,y423d1dm
Duck Life 1,No Major Glitches,100%,yd48w56ejdrp8mg25lm8xgyq,Aspen71,982,2021-04-07,Flash,False,yd9k16xz
Duck Life 1,No Major Glitches,Any%,yd48w56ejdrp8mg2jq6y4zn1,BeanStonk,984,2021-01-27,Flash,False,me9o06qz
Duck Life 1,No Major Glitches,Any%,yd48w56ejdrp8mg2jq6y4zn1,CultCoop,985,2021-01-12,Flash,False,y663d86y
Duck Life 1,No Major Glitches,Any%,yd48w56ejdrp8mg2jq6y4zn1,Bergerzs_450,985,2022-01-03,Flash,False,zgdxllvz
Duck Life 1,No Major Glitches,Any%,yd48w56ejdrp8mg2jq6y4zn1,____E___,988,2020-12-27,Flash,False,z09kd08z
Duck Life 1,No Major Glitches,Any%,yd48w56ejdrp8mg2jq6y4zn1,ikethetrike,992,2020-07-06,Flash,False,meo0wg2z
Duck Life 1,No Major Glitches,Any%,yd48w56ejdrp8mg2jq6y4zn1,k4telyn,992,2020-12-27,Flash,False,ylv5j52m
Duck Life 1,No Major Glitches,Any%,yd48w56ejdrp8mg2jq6y4zn1,Yoshikiller109,992,2021-02-04,Flash,False,zqggp78m
Duck Life 1,No Major Glitches,Any%,yd48w56ejdrp8mg2jq6y4zn1,Synamfy,992,2021-11-05,Flash,False,mk5rr3vm
Duck Life 1,No Major Glitches,100%,yd48w56ejdrp8mg25lm8xgyq,minipapa21,994,2020-11-07,Flash,False,ylve6vkm
Duck Life 1,No Major Glitches,Any%,yd48w56ejdrp8mg2jq6y4zn1,BruiserJE,995,2023-07-01,Flash,False,yond62jz
Duck Life 1,No Major Glitches,100%,yd48w56ejdrp8mg25lm8xgyq,tguan,996,2020-03-25,Flash,False,z05wrk9m
Duck Life 1,No Major Glitches,Any%,yd48w56ejdrp8mg2jq6y4zn1,waffleman544,997,2025-08-24,Flash,False,mkwx0jlm
Duck Life 1,No Major Glitches,Any%,yd48w56ejdrp8mg2jq6y4zn1,Phazer,1000,2020-12-27,Flash,False,ylv5w7rm
Duck Life 1,No Major Glitches,Any%,yd48w56ejdrp8mg2jq6y4zn1,Maddi,1000,2021-01-05,Flash,False,m3gp0pwz
Duck Life 1,No Major Glitches,Any%,yd48w56ejdrp8mg2jq6y4zn1,YMason,1000,2021-01-13,Flash,False,z06wlkez
Duck Life 1,No Major Glitches,Any%,yd48w56ejdrp8mg2jq6y4zn1,Lukey1_9_8,1002,2020-12-27,Flash,False,m75vo39z
Duck Life 1,No Major Glitches,Any%,yd48w56ejdrp8mg2jq6y4zn1,THEFASTEST,1003,2020-01-17,Flash,False,m7qejv5z
Duck Life 1,No Major Glitches,100%,yd48w56ejdrp8mg25lm8xgyq,CottonRCR,1003,2021-02-12,Flash,False,zno78v9y
Duck Life 1,No Major Glitches,No Skill Seed,yd48w56ejdrp8mg281wem591,NeonicPlays,1003,2021-08-20,Flash,False,zp8l6rvy
Duck Life 1,No Major Glitches,Any%,yd48w56ejdrp8mg2jq6y4zn1,CanOfLysol,1006,2020-12-28,Flash,False,zq4nrv8m
Duck Life 1,No Major Glitches,No Skill Seed,yd48w56ejdrp8mg281wem591,ennopponetwelve,1007,2020-05-14,Flash,False,yd59prqm
Duck Life 1,No Major Glitches,Any%,yd48w56ejdrp8mg2jq6y4zn1,dog4,1008,2021-03-10,Flash,False,y66ed2qy
Duck Life 1,No Major Glitches,Any%,yd48w56ejdrp8mg2jq6y4zn1,minerman2525,1009,2016-06-11,Flash,False,7yl6re2y
Duck Life 1,No Major Glitches,Any%,yd48w56ejdrp8mg2jq6y4zn1,SapphireSC,1009,2021-01-01,Flash,False,yd0x3vvz
Duck Life 1,No Major Glitches,Any%,yd48w56ejdrp8mg2jq6y4zn1,AidanXV,1009,2026-07-09,Flash,False,y9q2dwrz
Duck Life 1,No Major Glitches,Any%,yd48w56ejdrp8mg2jq6y4zn1,littlecreeper85,1010,2020-12-28,Flash,False,m3g8oq4z
Duck Life 1,No Major Glitches,Any%,yd48w56ejdrp8mg2jq6y4zn1,logancrafts,1010,2021-01-07,Flash,False,m75kvjwz
Duck Life 1,No Major Glitches,Any%,yd48w56ejdrp8mg2jq6y4zn1,YouveBeanBad,1010,2021-03-15,Flash,False,mr40152z
Duck Life 1,No Major Glitches,No Skill Seed,yd48w56ejdrp8mg281wem591,Psylaris,1012,2021-08-20,Flash,False,y8erpl1y
Duck Life 1,No Major Glitches,100%,yd48w56ejdrp8mg25lm8xgyq,Ayeka,1014,2025-05-03,Flash,False,z161xkjm
Duck Life 1,No Major Glitches,Any%,yd48w56ejdrp8mg2jq6y4zn1,Ayeka,1014,2025-05-03,Flash,False,z0037xjz
Duck Life 1,No Major Glitches,Any%,yd48w56ejdrp8mg2jq6y4zn1,theukuleleguy,1015,2016-04-30,Flash,False,7z0nrrom
Duck Life 1,No Major Glitches,No Skill Seed,yd48w56ejdrp8mg281wem591,Kyrette,1015,2017-10-10,Flash,False,m3d688dz
Duck Life 1,No Major Glitches,Any%,yd48w56ejdrp8mg2jq6y4zn1,Exxotic,1017,2020-12-28,Flash,False,yv95eexz
Duck Life 1,No Major Glitches,Any%,yd48w56ejdrp8mg2jq6y4zn1,bananaispotassium,1019,2023-11-17,Flash,False,y9kvv9nz
Duck Life 1,No Major Glitches,Any%,yd48w56ejdrp8mg2jq6y4zn1,pleir,1022,2021-01-07,Flash,False,z09g2r9z
Duck Life 1,No Major Glitches,Any%,yd48w56ejdrp8mg2jq6y4zn1,Hype1tUp,1023,2021-01-04,Flash,False,zq4on59m
Duck Life 1,No Major Glitches,No Skill Seed,yd48w56ejdrp8mg281wem591,ILikeBaguette25,1023,2026-02-21,Flash,False,z5no12dz
Duck Life 1,No Major Glitches,Any%,yd48w56ejdrp8mg2jq6y4zn1,Moofi,1024,2020-12-28,Flash,False,z1o7ewjm
Duck Life 1,No Major Glitches,Any%,yd48w56ejdrp8mg2jq6y4zn1,Reball,1024,2021-01-12,Flash,False,zgx3njjm
Duck Life 1,No Major Glitches,100%,yd48w56ejdrp8mg25lm8xgyq,EstoniaMan,1025,2020-12-26,Flash,False,y2dr2q9z
Duck Life 1,No Major Glitches,Any%,yd48w56ejdrp8mg2jq6y4zn1,lilhotpotato2,1025,2021-08-13,Flash,False,m375on4z
Duck Life 1,No Major Glitches,No Skill Seed,yd48w56ejdrp8mg281wem591,LowVVVV,1025,2024-05-25,Flash,False,mrv08edz
Duck Life 1,No Major Glitches,Any%,yd48w56ejdrp8mg2jq6y4zn1,4point,1027,2020-12-28,Flash,False,me6dko8z
Duck Life 1,No Major Glitches,No Skill Seed,yd48w56ejdrp8mg281wem591,TheGlitched64,1028,2018-07-03,Flash,False,zn44xe8m
Duck Life 1,No Major Glitches,No Skill Seed,yd48w56ejdrp8mg281wem591,snivy,1028,2021-08-01,Flash,False,zgrn9e0m
Duck Life 1,No Major Glitches,Any%,yd48w56ejdrp8mg2jq6y4zn1,Mr.Google,1032,2020-12-27,Flash,False,zxdpdo8y
Duck Life 1,No Major Glitches,No Skill Seed,yd48w56ejdrp8mg281wem591,GMoney12345,1034,2020-12-31,Flash,False,zgv15gdz
Duck Life 1,No Major Glitches,100%,yd48w56ejdrp8mg25lm8xgyq,ChasCM,1035,2020-12-29,Flash,False,y8rlr3xm
Duck Life 1,No Major Glitches,100%,yd48w56ejdrp8mg25lm8xgyq,Leafal,1036,2020-12-29,Flash,False,y6rw9xjy
Duck Life 1,No Major Glitches,Any%,yd48w56ejdrp8mg2jq6y4zn1,BettaJeffy,1036,2021-01-26,Flash,False,yj1l607y
Duck Life 1,No Major Glitches,No Skill Seed,yd48w56ejdrp8mg281wem591,piplup17,1037,2021-01-04,Flash,False,z1ow279m
Duck Life 1,No Major Glitches,Any%,yd48w56ejdrp8mg2jq6y4zn1,doodle,1038,2017-05-30,Flash,False,zpq0jwry
Duck Life 1,No Major Glitches,Any%,yd48w56ejdrp8mg2jq6y4zn1,bsty,1038,2021-01-18,Flash,False,m789lk0z
Duck Life 1,No Major Glitches,100%,yd48w56ejdrp8mg25lm8xgyq,Molehole,1040,2020-12-25,Flash,False,z1o7xlrm
Duck Life 1,No Major Glitches,Any%,yd48w56ejdrp8mg2jq6y4zn1,DaBoChallenge,1040,2021-01-04,Flash,False,zxd1948y
Duck Life 1,No Major Glitches,Any%,yd48w56ejdrp8mg2jq6y4zn1,TheUltimateGameBoy,1041,2015-10-29,Flash,False,7z0r8nez
Duck Life 1,No Major Glitches,Any%,yd48w56ejdrp8mg2jq6y4zn1,HighlightFilms,1041,2020-11-21,Flash,False,z1oqxgwm
Duck Life 1,No Major Glitches,100%,yd48w56ejdrp8mg25lm8xgyq,MoneyMedico,1042,2020-12-29,Flash,False,zn36o67y
Duck Life 1,No Major Glitches,Any%,yd48w56ejdrp8mg2jq6y4zn1,Indeed_he_is_speedy,1043,2021-02-15,Flash,False,z18278jy
Duck Life 1,No Major Glitches,Any%,yd48w56ejdrp8mg2jq6y4zn1,Cornbread121,1043,2022-05-20,Flash,False,zgprd40z
Duck Life 1,No Major Glitches,No Skill Seed,yd48w56ejdrp8mg281wem591,OutrageousJosh,1044,2015-10-25,Flash,False,0zn12d9m
Duck Life 1,No Major Glitches,Any%,yd48w56ejdrp8mg2jq6y4zn1,joeypeanut,1044,2021-01-11,Flash,False,zxderley
Duck Life 1,No Major Glitches,Any%,yd48w56ejdrp8mg2jq6y4zn1,NeonicPlays,1044,2021-08-19,Flash,False,zp8ld0ny
Duck Life 1,No Major Glitches,Any%,yd48w56ejdrp8mg2jq6y4zn1,ChickenMuncher,1045,2020-12-28,Flash,False,mk8x485m
Duck Life 1,No Major Glitches,Any%,yd48w56ejdrp8mg2jq6y4zn1,andrew32308,1046,2020-12-27,Flash,False,z1o70kwm
Duck Life 1,No Major Glitches,Any%,yd48w56ejdrp8mg2jq6y4zn1,Tinfern,1047,2020-12-28,Flash,False,m3g8dq4z
Duck Life 1,No Major Glitches,Any%,yd48w56ejdrp8mg2jq6y4zn1,7e6i,1048,2020-12-29,Flash,False,y4evr2qm
Duck Life 1,No Major Glitches,Any%,yd48w56ejdrp8mg2jq6y4zn1,Redrock505,1049,2020-12-05,Flash,False,mr9ve3gm
Duck Life 1,No Major Glitches,No Skill Seed,yd48w56ejdrp8mg281wem591,rothegreat,1049,2020-12-28,Flash,False,yv9e414z
Duck Life 1,No Major Glitches,Any%,yd48w56ejdrp8mg2jq6y4zn1,Sneaky4328,1051,2023-10-29,Flash,False,z0xrvv8z
Duck Life 1,No Major Glitches,No Skill Seed,yd48w56ejdrp8mg281wem591,Fqceless,1053,2018-06-09,Flash,False,zq36rp9y
Duck Life 1,No Major Glitches,100%,yd48w56ejdrp8mg25lm8xgyq,p1cklen1k,1053,2021-02-04,Flash,False,m3nne94y
Duck Life 1,No Major Glitches,Any%,yd48w56ejdrp8mg2jq6y4zn1,RobotMania,1054,2021-10-22,Flash,False,y93pv5ky
Duck Life 1,No Major Glitches,No Skill Seed,yd48w56ejdrp8mg281wem591,Aspen71,1055,2021-09-26,Flash,False,m770q9em
Duck Life 1,No Major Glitches,Any%,yd48w56ejdrp8mg2jq6y4zn1,Dinkleberg1225,1059,2020-12-29,Flash,False,y8rleo5m
Duck Life 1,No Major Glitches,Any%,yd48w56ejdrp8mg2jq6y4zn1,PoisonedArrow,1061,2020-12-30,Flash,False,m75jo69z
Duck Life 1,No Major Glitches,Any%,yd48w56ejdrp8mg2jq6y4zn1,Firekillerxx,1064,2014-08-28,Flash,False,0znop77y
Duck Life 1,No Major Glitches,No Skill Seed,yd48w56ejdrp8mg281wem591,Erikfzf,1065,2021-01-10,Flash,False,m75r03wz
Duck Life 1,No Major Glitches,100%,yd48w56ejdrp8mg25lm8xgyq,The_Reddest_Panda,1066,2020-12-27,Flash,False,ylv5dnxm
Duck Life 1,No Major Glitches,Any%,yd48w56ejdrp8mg2jq6y4zn1,cevrosa,1067,2020-12-27,Flash,False,z1o775gm
Duck Life 1,No Major Glitches,100%,yd48w56ejdrp8mg25lm8xgyq,Speqtor238,1068,2020-11-20,Flash,False,zn3jwrvy
Duck Life 1,No Major Glitches,Any%,yd48w56ejdrp8mg2jq6y4zn1,ABPEG,1068,2021-01-02,Flash,False,mr9pr3dm
Duck Life 1,No Major Glitches,No Skill Seed,yd48w56ejdrp8mg281wem591,SpeedrunNerd,1068,2022-06-23,Flash,False,z1p9q29z
Duck Life 1,No Major Glitches,No Skill Seed,yd48w56ejdrp8mg281wem591,xzRockin,1077,2016-06-18,Flash,False,1zx336ez
Duck Life 1,No Major Glitches,Any%,yd48w56ejdrp8mg2jq6y4zn1,Erexslay,1077,2022-02-21,Flash,False,y6nekwpz
Duck Life 1,No Major Glitches,Any%,yd48w56ejdrp8mg2jq6y4zn1,SirLampsaLot,1077,2023-01-08,Flash,False,z1q8kqry
Duck Life 1,No Major Glitches,Any%,yd48w56ejdrp8mg2jq6y4zn1,Dommapomma,1085,2020-12-27,Flash,False,zgv96kvz
Duck Life 1,No Major Glitches,Any%,yd48w56ejdrp8mg2jq6y4zn1,slammysammy45,1087,2021-01-09,Flash,False,zpl79vgm
Duck Life 1,No Major Glitches,Any%,yd48w56ejdrp8mg2jq6y4zn1,TheDomo,1088,2020-10-18,Flash,False,z530owey
Duck Life 1,No Major Glitches,Any%,yd48w56ejdrp8mg2jq6y4zn1,Triadow,1089,2020-12-26,Flash,False,y4e0ow3m
Duck Life 1,No Major Glitches,Any%,yd48w56ejdrp8mg2jq6y4zn1,QuietPills,1089,2021-01-07,Flash,False,zq4lod1m
Duck Life 1,No Major Glitches,Any%,yd48w56ejdrp8mg2jq6y4zn1,hoboro,1090,2020-05-30,Flash,False,y82jrnny
Duck Life 1,No Major Glitches,100%,yd48w56ejdrp8mg25lm8xgyq,LimeNade,1091,2020-12-31,Flash,False,z1o0659m
Duck Life 1,No Major Glitches,Any%,yd48w56ejdrp8mg2jq6y4zn1,Querxes,1093,2020-12-26,Flash,False,yd0o16vz
Duck Life 1,No Major Glitches,Any%,yd48w56ejdrp8mg2jq6y4zn1,sCosmicc,1093,2021-02-10,Flash,False,yd9e2gjz
Duck Life 1,No Major Glitches,Any%,yd48w56ejdrp8mg2jq6y4zn1,Robercigg,1095,2015-06-15,Flash,False,wzpr5g8m
Duck Life 1,No Major Glitches,100%,yd48w56ejdrp8mg25lm8xgyq,Arcane_blade,1095,2020-12-31,Flash,False,yv9ekq6z
Duck Life 1,No Major Glitches,Any%,yd48w56ejdrp8mg2jq6y4zn1,kookiek,1096,2021-03-07,Flash,False,zp362dvm
Duck Life 1,No Major Glitches,No Skill Seed,yd48w56ejdrp8mg281wem591,Creggaeton,1098,2021-01-08,Flash,False,zq4x3p1m
Duck Life 1,No Major Glitches,Any%,yd48w56ejdrp8mg2jq6y4zn1,tabuz,1100,2020-12-31,Flash,False,zn36l9vy
Duck Life 1,No Major Glitches,Any%,yd48w56ejdrp8mg2jq6y4zn1,Ducklife333,1100,2021-01-07,Flash,False,yd077dvz
Duck Life 1,No Major Glitches,Any%,yd48w56ejdrp8mg2jq6y4zn1,B4ndit,1100,2021-01-28,Flash,False,mr4kd3dz
Duck Life 1,No Major Glitches,Any%,yd48w56ejdrp8mg2jq6y4zn1,blake_1710,1103,2021-01-09,Flash,False,z539r5jy
Duck Life 1,No Major Glitches,Any%,yd48w56ejdrp8mg2jq6y4zn1,QuackBurrito987,1104,2021-01-06,Flash,False,yd07vrvz
Duck Life 1,No Major Glitches,Any%,yd48w56ejdrp8mg2jq6y4zn1,TOM_SUCKS,1106,2020-12-01,Flash,False,y8rk08dm
Duck Life 1,No Major Glitches,Any%,yd48w56ejdrp8mg2jq6y4zn1,Crescented,1107,2021-01-03,Flash,False,mk8nw7xm
Duck Life 1,No Major Glitches,Any%,yd48w56ejdrp8mg2jq6y4zn1,Clarias,1112,2020-10-22,Flash,False,m758owwz
Duck Life 1,No Major Glitches,Any%,yd48w56ejdrp8mg2jq6y4zn1,ryoshi99,1112,2021-11-10,Flash,False,ydep2dxm
Duck Life 1,No Major Glitches,100%,yd48w56ejdrp8mg25lm8xgyq,inspectorSpacetime,1113,2020-12-26,Flash,False,y8rn6n5m
Duck Life 1,No Major Glitches,Any%,yd48w56ejdrp8mg2jq6y4zn1,Har1s0n,1116,2018-09-10,Flash,False,y43rkwkz
Duck Life 1,No Major Glitches,Any%,yd48w56ejdrp8mg2jq6y4zn1,ntsukuda,1121,2020-12-26,Flash,False,y6r82ppy
Duck Life 1,No Major Glitches,Any%,yd48w56ejdrp8mg2jq6y4zn1,Haydunk,1122,2020-11-19,Flash,False,y4exp52m
Duck Life 1,No Major Glitches,Any%,yd48w56ejdrp8mg2jq6y4zn1,Nebulawind,1123,2017-09-30,Flash,False,y230xo6m
Duck Life 1,No Major Glitches,Any%,yd48w56ejdrp8mg2jq6y4zn1,OatCat,1123,2020-05-28,Flash,False,z152d5wy
Duck Life 1,No Major Glitches,Any%,yd48w56ejdrp8mg2jq6y4zn1,evanmuffins,1123,2021-01-17,Flash,False,yv2gvoxm
Duck Life 1,No Major Glitches,Any%,yd48w56ejdrp8mg2jq6y4zn1,Neux,1128,2017-04-16,Flash,False,z13d737m
Duck Life 1,No Major Glitches,Any%,yd48w56ejdrp8mg2jq6y4zn1,iDeVo,1130,2020-08-14,Flash,False,yok80r5z
Duck Life 1,No Major Glitches,No Skill Seed,yd48w56ejdrp8mg281wem591,pig_not_taken1,1130,2021-01-11,Flash,False,yj6nrgdz
Duck Life 1,No Major Glitches,No Skill Seed,yd48w56ejdrp8mg281wem591,MaxClash101,1132,2021-02-21,Flash,False,znoqv18y
Duck Life 1,No Major Glitches,Any%,yd48w56ejdrp8mg2jq6y4zn1,Potato_Man863,1140,2021-01-10,Flash,False,ylvgrgxm
Duck Life 1,No Major Glitches,Any%,yd48w56ejdrp8mg2jq6y4zn1,rriittzzballz,1140,2021-01-15,Flash,False,me9kk5qz
Duck Life 1,No Major Glitches,Any%,yd48w56ejdrp8mg2jq6y4zn1,aaaaamed,1148,2020-12-26,Flash,False,zxd5noky
Duck Life 1,No Major Glitches,Any%,yd48w56ejdrp8mg2jq6y4zn1,Exp3rience,1152,2017-12-22,Flash,False,mk40oexy
Duck Life 1,No Major Glitches,Any%,yd48w56ejdrp8mg2jq6y4zn1,Coolz507,1152,2020-12-27,Flash,False,z1o7n4rm
Duck Life 1,No Major Glitches,Any%,yd48w56ejdrp8mg2jq6y4zn1,Yentist,1153,2020-12-26,Flash,False,zxd5wdey
Duck Life 1,No Major Glitches,Any%,yd48w56ejdrp8mg2jq6y4zn1,LilHayden99,1154,2021-01-18,Flash,False,mk74onvy
Duck Life 1,No Major Glitches,No Skill Seed,yd48w56ejdrp8mg281wem591,Nicko893,1155,2018-09-16,Flash,False,zq31lxry
Duck Life 1,No Major Glitches,Any%,yd48w56ejdrp8mg2jq6y4zn1,ItzBruhMoment,1159,2019-11-27,Flash,False,yj3wk0dz
Duck Life 1,No Major Glitches,Any%,yd48w56ejdrp8mg2jq6y4zn1,Simonster18,1160,2020-10-19,Flash,False,me69689z
Duck Life 1,No Major Glitches,No Skill Seed,yd48w56ejdrp8mg281wem591,Woofstep,1161,2018-10-11,Flash,False,y2q02ojy
Duck Life 1,No Major Glitches,Any%,yd48w56ejdrp8mg2jq6y4zn1,bow1255,1162,2021-02-01,Flash,False,y9nnoenz
Duck Life 1,No Major Glitches,Any%,yd48w56ejdrp8mg2jq6y4zn1,Cr7omancer,1166,2020-11-20,Flash,False,zn3j84vy
Duck Life 1,No Major Glitches,Any%,yd48w56ejdrp8mg2jq6y4zn1,Snxper,1168,2021-01-08,Flash,False,m3geo64z
Duck Life 1,No Major Glitches,Any%,yd48w56ejdrp8mg2jq6y4zn1,GameVsPlayer,1174,2015-10-02,Flash,False,emkg8v3y
Duck Life 1,No Major Glitches,100%,yd48w56ejdrp8mg25lm8xgyq,pixelman-K,1174,2020-10-31,Flash,False,zxdo6wky
Duck Life 1,No Major Glitches,Any%,yd48w56ejdrp8mg2jq6y4zn1,Misha_Flash,1177,2021-02-09,Flash,False,yd9e3xwz
Duck Life 1,No Major Glitches,Any%,yd48w56ejdrp8mg2jq6y4zn1,Dzek1993,1179,2021-01-12,Flash,False,me9vkk8z
Duck Life 1,No Major Glitches,Any%,yd48w56ejdrp8mg2jq6y4zn1,MicrowavedBurrito1,1183,2021-01-02,Flash,False,y4e4q12m
Duck Life 1,No Major Glitches,Any%,yd48w56ejdrp8mg2jq6y4zn1,DarkIvey33,1186,2020-12-26,Flash,False,ywd5rd3z
Duck Life 1,No Major Glitches,Any%,yd48w56ejdrp8mg2jq6y4zn1,The_Pacific_gamer,1187,2021-01-08,Flash,False,y91411nm
Duck Life 1,No Major Glitches,100%,yd48w56ejdrp8mg25lm8xgyq,Triple8Games,1189,2021-04-14,Flash,False,m7d9815m
Duck Life 1,No Major Glitches,Any%,yd48w56ejdrp8mg2jq6y4zn1,MittensHD7,1193,2020-12-29,Flash,False,yv9e2doz
Duck Life 1,No Major Glitches,100%,yd48w56ejdrp8mg25lm8xgyq,THEFASTEST,1194,2020-01-16,Flash,False,y6lgjkjy
Duck Life 1,No Major Glitches,Any%,yd48w56ejdrp8mg2jq6y4zn1,ablader22,1196,2021-01-04,Flash,False,ywd77d0z
Duck Life 1,No Major Glitches,Any%,yd48w56ejdrp8mg2jq6y4zn1,SpronX,1200,2020-12-24,Flash,False,ywd5d42z
Duck Life 1,No Major Glitches,Any%,yd48w56ejdrp8mg2jq6y4zn1,supermazen,1200,2024-04-16,Flash,False,y9jvk1rm
Duck Life 1,No Major Glitches,Any%,yd48w56ejdrp8mg2jq6y4zn1,speedrunner665,1201,2020-12-26,Flash,False,zpl591vm
Duck Life 1,No Major Glitches,Any%,yd48w56ejdrp8mg2jq6y4zn1,caraearls,1201,2021-02-06,Flash,False,z06rppez
Duck Life 1,No Major Glitches,Any%,yd48w56ejdrp8mg2jq6y4zn1,Samira404,1206,2020-12-26,Flash,False,y91wl4km
Duck Life 1,No Major Glitches,Any%,yd48w56ejdrp8mg2jq6y4zn1,OddPandemonium,1207,2021-01-01,Flash,False,m754p70z
Duck Life 1,No Major Glitches,Any%,yd48w56ejdrp8mg2jq6y4zn1,greatovospeedrunner,1211,2020-08-01,Flash,False,yokex90z
Duck Life 1,No Major Glitches,Any%,yd48w56ejdrp8mg2jq6y4zn1,TRLittleToaster,1212,2021-01-25,Flash,False,z5076rjy
Duck Life 1,No Major Glitches,Any%,yd48w56ejdrp8mg2jq6y4zn1,UES_Radar_Kocab,1216,2021-01-11,Flash,False,ylvg8krm
Duck Life 1,No Major Glitches,Any%,yd48w56ejdrp8mg2jq6y4zn1,SadBoy,1222,2021-01-01,Flash,False,zxdrk35y
Duck Life 1,No Major Glitches,Any%,yd48w56ejdrp8mg2jq6y4zn1,landantheducklifegod,1222,2021-01-03,Flash,False,y2d4wv5z
Duck Life 1,No Major Glitches,Any%,yd48w56ejdrp8mg2jq6y4zn1,Phantastic,1223,2020-12-28,Flash,False,ywdo1n0z
Duck Life 1,No Major Glitches,Any%,yd48w56ejdrp8mg2jq6y4zn1,ITXDEMI,1225,2020-12-26,Flash,False,zgv9egjz
Duck Life 1,No Major Glitches,Any%,yd48w56ejdrp8mg2jq6y4zn1,IRob-X,1228,2021-01-06,Flash,False,yv9dxg6z
Duck Life 1,No Major Glitches,Any%,yd48w56ejdrp8mg2jq6y4zn1,PrestoParrot64,1229,2021-01-20,Flash,False,zqg3749m
Duck Life 1,No Major Glitches,Any%,yd48w56ejdrp8mg2jq6y4zn1,Avzrule,1231,2020-08-24,Flash,False,mrkg1l2y
Duck Life 1,No Major Glitches,Any%,yd48w56ejdrp8mg2jq6y4zn1,Kekelek,1232,2020-05-26,Flash,False,y82e081y
Duck Life 1,No Major Glitches,Any%,yd48w56ejdrp8mg2jq6y4zn1,PotatoSauce,1238,2021-01-08,Flash,False,y8r5r1nm
Duck Life 1,No Major Glitches,Any%,yd48w56ejdrp8mg2jq6y4zn1,WindowsIcon,1241,2016-05-08,Flash,False,pydg1pwy
Duck Life 1,No Major Glitches,100%,yd48w56ejdrp8mg25lm8xgyq,Dave4681,1248,2018-09-03,Flash,False,mr81qegy
Duck Life 1,No Major Glitches,Any%,yd48w56ejdrp8mg2jq6y4zn1,spaghettio_05,1251,2021-02-02,Flash,False,yd99elxz
Duck Life 1,No Major Glitches,Any%,yd48w56ejdrp8mg2jq6y4zn1,thickboi,1255,2020-12-29,Flash,False,z53n3q5y
Duck Life 1,No Major Glitches,Any%,yd48w56ejdrp8mg2jq6y4zn1,dogemanwastaken,1256,2020-12-30,Flash,False,me6d0q9z
Duck Life 1,No Major Glitches,No Skill Seed,yd48w56ejdrp8mg281wem591,Xzap77,1259,2025-09-22,Flash,False,mr5j754y
Duck Life 1,No Major Glitches,Any%,yd48w56ejdrp8mg2jq6y4zn1,JoJoNaruto,1287,2020-12-26,Flash,False,z536e6gy
Duck Life 1,No Major Glitches,100%,yd48w56ejdrp8mg25lm8xgyq,thecooldog123,1291,2021-08-07,Flash,False,y69lpdpy
Duck Life 1,No Major Glitches,Any%,yd48w56ejdrp8mg2jq6y4zn1,Paul_LOL,1295,2021-01-08,Flash,False,z09v9dez
Duck Life 1,No Major Glitches,Any%,yd48w56ejdrp8mg2jq6y4zn1,Wind999,1296,2020-12-26,Flash,False,y6r8xl6y
Duck Life 1,No Major Glitches,Any%,yd48w56ejdrp8mg2jq6y4zn1,Evil_Sapphire9507,1297,2020-12-30,Flash,False,zq4nqq9m
Duck Life 1,No Major Glitches,Any%,yd48w56ejdrp8mg2jq6y4zn1,isaiahpachecolama,1307,2024-03-29,Flash,False,yo07qg7y
Duck Life 1,No Major Glitches,Any%,yd48w56ejdrp8mg2jq6y4zn1,TheCraftee,1325,2020-12-28,Flash,False,ylv23nrm
Duck Life 1,No Major Glitches,Any%,yd48w56ejdrp8mg2jq6y4zn1,S0M3-N3RD,1326,2020-12-04,Flash,False,zpl6qrnm
Duck Life 1,No Major Glitches,100%,yd48w56ejdrp8mg25lm8xgyq,Xzap77,1326,2025-09-22,Flash,False,z17dp7jz
Duck Life 1,No Major Glitches,Any%,yd48w56ejdrp8mg2jq6y4zn1,SolH501,1327,2017-10-12,Flash,False,z5o25gny
Duck Life 1,No Major Glitches,Any%,yd48w56ejdrp8mg2jq6y4zn1,VibrisDirtySock29,1330,2024-07-19,Flash,False,z1n1g19y
Duck Life 1,No Major Glitches,Any%,yd48w56ejdrp8mg2jq6y4zn1,ashfr,1336,2016-05-17,Flash,False,0znjxnlm
Duck Life 1,No Major Glitches,Any%,yd48w56ejdrp8mg2jq6y4zn1,Julia_from_home,1336,2020-12-10,Flash,False,y8rp2jwm
Duck Life 1,No Major Glitches,No Skill Seed,yd48w56ejdrp8mg281wem591,schefey,1337,2018-07-04,Flash,False,m7ppe30m
Duck Life 1,No Major Glitches,Any%,yd48w56ejdrp8mg2jq6y4zn1,Celine,1344,2021-02-26,Flash,False,m782e8wz
Duck Life 1,No Major Glitches,Any%,yd48w56ejdrp8mg2jq6y4zn1,Jumpyluff,1350,2013-01-01,Flash,False,oy25xg7y
Duck Life 1,No Major Glitches,Any%,yd48w56ejdrp8mg2jq6y4zn1,Zane4246,1351,2020-12-31,Flash,False,zq4n5r5m
Duck Life 1,No Major Glitches,100%,yd48w56ejdrp8mg25lm8xgyq,cobiscobby,1355,2019-07-16,Flash,False,mexon38z
Duck Life 1,No Major Glitches,Any%,yd48w56ejdrp8mg2jq6y4zn1,cooby_922,1370,2021-01-07,Flash,False,y91rwnem
Duck Life 1,No Major Glitches,Any%,yd48w56ejdrp8mg2jq6y4zn1,anyapotato,1371,2020-08-02,Flash,False,z5jwn7gm
Duck Life 1,No Major Glitches,Any%,yd48w56ejdrp8mg2jq6y4zn1,Autoishere,1372,2020-12-25,Flash,False,zq45011m
Duck Life 1,No Major Glitches,Any%,yd48w56ejdrp8mg2jq6y4zn1,EliDaBaby,1374,2021-02-04,Flash,False,z50046gy
Duck Life 1,No Major Glitches,Any%,yd48w56ejdrp8mg2jq6y4zn1,DeliveryDuck,1375,2020-12-31,Flash,False,z092g54z
Duck Life 1,No Major Glitches,Any%,yd48w56ejdrp8mg2jq6y4zn1,KJ4561,1375,2021-01-05,Flash,False,me6q9v2z
Duck Life 1,No Major Glitches,Any%,yd48w56ejdrp8mg2jq6y4zn1,Jetpack_Tack,1381,2022-03-11,Flash,False,zn76o3vm
Duck Life 1,No Major Glitches,100%,yd48w56ejdrp8mg25lm8xgyq,Austin5213,1389,2019-06-27,Flash,False,zxkkgg5m
Duck Life 1,No Major Glitches,Any%,yd48w56ejdrp8mg2jq6y4zn1,TTYG,1394,2020-12-26,Flash,False,ywd5re0z
Duck Life 1,No Major Glitches,Any%,yd48w56ejdrp8mg2jq6y4zn1,McMakoShark,1397,2020-12-22,Flash,False,z090dloz
Duck Life 1,No Major Glitches,Any%,yd48w56ejdrp8mg2jq6y4zn1,Olliepop,1405,2020-02-28,Flash,False,yw47w3nz
Duck Life 1,No Major Glitches,Any%,yd48w56ejdrp8mg2jq6y4zn1,Wavelino,1408,2019-07-01,Flash,False,y411owqy
Duck Life 1,No Major Glitches,Any%,yd48w56ejdrp8mg2jq6y4zn1,Breakfast_Enjoyer,1408,2020-05-29,Flash,False,m7gwp1em
Duck Life 1,No Major Glitches,No Skill Seed,yd48w56ejdrp8mg281wem591,Necessary,1411,2020-12-27,Flash,False,me6pnr8z
Duck Life 1,No Major Glitches,Any%,yd48w56ejdrp8mg2jq6y4zn1,DaemosGhost,1414,2021-08-04,Flash,False,m37ox76z
Duck Life 1,No Major Glitches,Any%,yd48w56ejdrp8mg2jq6y4zn1,EmcD,1415,2017-06-17,Flash,False,z13j4vgm
Duck Life 1,No Major Glitches,Any%,yd48w56ejdrp8mg2jq6y4zn1,k_enzo,1418,2021-01-17,Flash,False,y2v3p45z
Duck Life 1,No Major Glitches,100%,yd48w56ejdrp8mg25lm8xgyq,Diamond06,1424,2023-04-24,Flash,False,y2g9d95z
Duck Life 1,No Major Glitches,100%,yd48w56ejdrp8mg25lm8xgyq,LeComrade,1425,2020-12-21,Flash,False,y2d8735z
Duck Life 1,No Major Glitches,Single Activity,yd48w56ejdrp8mg25le3kg6q,Creepiumgamer,1426,2024-04-15,Flash,False,y8w88k5y
Duck Life 1,No Major Glitches,Any%,yd48w56ejdrp8mg2jq6y4zn1,TBird100,1431,2020-12-30,Flash,False,yd0pv1xz
Duck Life 1,No Major Glitches,Any%,yd48w56ejdrp8mg2jq6y4zn1,Wii_Dude,1440,2020-12-29,Flash,False,mk8x8g5m
Duck Life 1,No Major Glitches,Single Activity,yd48w56ejdrp8mg25le3kg6q,Sabi2798,1444,2024-04-14,Flash,False,zglpx30m
Duck Life 1,No Major Glitches,Any%,yd48w56ejdrp8mg2jq6y4zn1,Carson2006,1451,2020-07-10,Flash,False,zgwlvr0y
Duck Life 1,No Major Glitches,Any%,yd48w56ejdrp8mg2jq6y4zn1,MinerChris_124,1453,2019-05-04,Flash,False,yj4n5lny
Duck Life 1,No Major Glitches,Any%,yd48w56ejdrp8mg2jq6y4zn1,Chump,1455,2021-02-03,Flash,False,m3nnk56y
Duck Life 1,No Major Glitches,Any%,yd48w56ejdrp8mg2jq6y4zn1,TGlitch,1456,2024-05-23,Flash,False,yo0x8wdy
Duck Life 1,No Major Glitches,Any%,yd48w56ejdrp8mg2jq6y4zn1,drcola36,1457,2020-12-29,Flash,False,zgv1denz
Duck Life 1,No Major Glitches,100%,yd48w56ejdrp8mg25lm8xgyq,Curtabug,1457,2022-11-07,Flash,False,z0l43n4z
Duck Life 1,No Major Glitches,Any%,yd48w56ejdrp8mg2jq6y4zn1,FinaBear,1464,2020-12-02,Flash,False,z1ok9nwm
Duck Life 1,No Major Glitches,Single Activity,yd48w56ejdrp8mg25le3kg6q,Caarda,1470,2026-07-11,Flash,False,mkn23l1m
Duck Life 1,No Major Glitches,100%,yd48w56ejdrp8mg25lm8xgyq,Rex548-YT,1476,2020-02-25,Flash,False,mk2nvjxm
Duck Life 1,No Major Glitches,Any%,yd48w56ejdrp8mg2jq6y4zn1,Rex548-YT,1476,2020-02-28,Flash,False,mex5g80z
Duck Life 1,No Major Glitches,Any%,yd48w56ejdrp8mg2jq6y4zn1,Asc3end,1478,2020-09-21,Flash,False,zq43vexm
Duck Life 1,No Major Glitches,100%,yd48w56ejdrp8mg25lm8xgyq,Buttery,1487,2021-02-09,Flash,False,y9n39e2z
Duck Life 1,No Major Glitches,100%,yd48w56ejdrp8mg25lm8xgyq,ItsRay_Playz,1490,2020-12-31,Flash,False,mr9wdv8m
Duck Life 1,No Major Glitches,Single Activity,yd48w56ejdrp8mg25le3kg6q,Cheggjon,1496,2020-05-20,Flash,False,y4wrj6dm
Duck Life 1,No Major Glitches,No Skill Seed,yd48w56ejdrp8mg281wem591,Pontus,1499,2020-08-02,Flash,False,m7gl41wm
Duck Life 1,No Major Glitches,Single Activity,yd48w56ejdrp8mg25le3kg6q,ennopponetwelve,1503,2020-08-13,Flash,False,y82l60wy
Duck Life 1,No Major Glitches,100%,yd48w56ejdrp8mg25lm8xgyq,Beamer33,1509,2021-04-14,Flash,False,mkg4735y
Duck Life 1,No Major Glitches,Any%,yd48w56ejdrp8mg2jq6y4zn1,depressed_potato,1514,2021-01-09,Flash,False,me6r9kqz
Duck Life 1,No Major Glitches,Any%,yd48w56ejdrp8mg2jq6y4zn1,CloseToAverage,1526,2021-04-05,Flash,False,yw0lev3m
Duck Life 1,No Major Glitches,Any%,yd48w56ejdrp8mg2jq6y4zn1,aven0201,1528,2020-12-31,Flash,False,zn36507y
Duck Life 1,No Major Glitches,Single Activity,yd48w56ejdrp8mg25le3kg6q,Stuwe,1534,2026-07-18,Web,False,zg0wdqjm
Duck Life 1,No Major Glitches,Single Activity,yd48w56ejdrp8mg25le3kg6q,Fqceless,1540,2020-12-28,Flash,False,yo384ndy
Duck Life 1,No Major Glitches,100%,yd48w56ejdrp8mg25lm8xgyq,ItzBruhMoment,1549,2019-11-23,Flash,False,yd6jo4xz
Duck Life 1,No Major Glitches,Any%,yd48w56ejdrp8mg2jq6y4zn1,HothRaka,1571,2015-08-15,Flash,False,pyd952qz
Duck Life 1,No Major Glitches,Any%,yd48w56ejdrp8mg2jq6y4zn1,JavaCyber,1575,2021-01-14,Flash,False,y8v36xnz
Duck Life 1,No Major Glitches,Single Activity,yd48w56ejdrp8mg25le3kg6q,snivy,1575,2021-08-01,Flash,False,ylr95l2y
Duck Life 1,No Major Glitches,Any%,yd48w56ejdrp8mg2jq6y4zn1,Nasiya,1576,2025-02-18,Flash,False,yje2727m
Duck Life 1,No Major Glitches,Single Activity,yd48w56ejdrp8mg25le3kg6q,Kyrette,1581,2018-02-06,Flash,False,y67g351m
Duck Life 1,No Major Glitches,Any%,yd48w56ejdrp8mg2jq6y4zn1,PigfantPP,1586,2021-03-05,Flash,False,zqgdnprm
Duck Life 1,No Major Glitches,Single Activity,yd48w56ejdrp8mg25le3kg6q,TheGlitched64,1603,2019-07-05,Flash,False,yj33rg7z
Duck Life 1,No Major Glitches,Single Activity,yd48w56ejdrp8mg25le3kg6q,piplup17,1606,2021-01-08,Flash,False,me6rjp3z
Duck Life 1,No Major Glitches,Any%,yd48w56ejdrp8mg2jq6y4zn1,OllieTheEpicGamer,1623,2021-02-07,Flash,False,zx6g04kz
Duck Life 1,No Major Glitches,100%,yd48w56ejdrp8mg25lm8xgyq,rataf,1663,2020-12-20,Flash,False,y8rgv8nm
Duck Life 1,No Major Glitches,100%,yd48w56ejdrp8mg25lm8xgyq,Chimpz,1663,2021-03-14,Flash,False,m3nw5ggy
Duck Life 1,No Major Glitches,Single Activity,yd48w56ejdrp8mg25le3kg6q,LowVVVV,1675,2024-05-25,Flash,False,zxqj4k5m
Duck Life 1,No Major Glitches,Any%,yd48w56ejdrp8mg2jq6y4zn1,Tat515,1676,2021-09-29,Flash,False,zqvj88rm
Duck Life 1,No Major Glitches,Any%,yd48w56ejdrp8mg2jq6y4zn1,JustinShokal7,1688,2019-01-18,Flash,False,yl4djg3m
Duck Life 1,No Major Glitches,100%,yd48w56ejdrp8mg25lm8xgyq,Herozer,1710,2021-01-03,Flash,False,zpleovrm
Duck Life 1,No Major Glitches,Single Activity,yd48w56ejdrp8mg25le3kg6q,NinjaSquirrel,1718,2021-03-07,Flash,False,y2v2ex5z
Duck Life 1,No Major Glitches,Single Activity,yd48w56ejdrp8mg25le3kg6q,FlipK1cky,1722,2020-12-12,Flash,False,y4elk2dm
Duck Life 1,No Major Glitches,Any%,yd48w56ejdrp8mg2jq6y4zn1,SheenSimpson,1741,2018-05-14,Flash,False,mk4jq3ly
Duck Life 1,No Major Glitches,100%,yd48w56ejdrp8mg25lm8xgyq,SheenSimpson,1741,2018-05-14,Flash,False,m79r3g9y
Duck Life 1,No Major Glitches,No Skill Seed,yd48w56ejdrp8mg281wem591,SheenSimpson,1741,2018-05-14,Flash,False,mrq32k8y
Duck Life 1,No Major Glitches,Any%,yd48w56ejdrp8mg2jq6y4zn1,WoomyInAVroomy,1742,2020-08-12,Flash,False,z5jndpgm
Duck Life 1,No Major Glitches,Any%,yd48w56ejdrp8mg2jq6y4zn1,sshadow249,1759,2021-01-15,Flash,False,yd9q8dvz
Duck Life 1,No Major Glitches,Single Activity,yd48w56ejdrp8mg25le3kg6q,Signal_Ehxx,1765,2020-12-17,Flash,False,yd0vdwxz
Duck Life 1,No Major Glitches,Any%,yd48w56ejdrp8mg2jq6y4zn1,AhmedSpeedster,1770,2024-05-18,Flash,False,z58g5pdz
Duck Life 1,No Major Glitches,100%,yd48w56ejdrp8mg25lm8xgyq,Sam_ham,1774,2021-02-08,Flash,False,yd9r7gqz
Duck Life 1,No Major Glitches,Any%,yd48w56ejdrp8mg2jq6y4zn1,solomander6000,1789,2023-04-09,Flash,False,mroppodm
Duck Life 1,No Major Glitches,100%,yd48w56ejdrp8mg25lm8xgyq,joeSSGYT,1790,2021-01-19,Flash,False,yj143jny
Duck Life 1,No Major Glitches,No Skill Seed,yd48w56ejdrp8mg281wem591,anemo_wolphy,1793,2021-01-29,Flash,False,m3n5eq6y
Duck Life 1,No Major Glitches,100%,yd48w56ejdrp8mg25lm8xgyq,Twillytwig99,1799,2021-01-14,Flash,False,znowxq9y
Duck Life 1,No Major Glitches,Any%,yd48w56ejdrp8mg2jq6y4zn1,Silkysalmon514,1800,2023-06-03,Web,False,m7087oey
Duck Life 1,No Major Glitches,Any%,yd48w56ejdrp8mg2jq6y4zn1,KwazyKID,1802,2020-12-30,Web,False,zgv18e0z
Duck Life 1,No Major Glitches,Single Activity,yd48w56ejdrp8mg25le3kg6q,Gabriel.Hartman,1804,2016-06-17,Flash,False,6yj283dm
Duck Life 1,No Major Glitches,Any%,yd48w56ejdrp8mg2jq6y4zn1,fleur_bleue,1805,2020-08-23,Web,False,y8271qwy
Duck Life 1,No Major Glitches,No Skill Seed,yd48w56ejdrp8mg281wem591,low_battery,1810,2021-01-08,Flash,False,yv9wje8z
Duck Life 1,No Major Glitches,Any%,yd48w56ejdrp8mg2jq6y4zn1,Chimpz,1864,2021-03-13,Web,False,y66ek86y
Duck Life 1,No Major Glitches,Any%,yd48w56ejdrp8mg2jq6y4zn1,izaruru,1884,2020-09-18,Web,False,y4e2gn3m
Duck Life 1,No Major Glitches,100%,yd48w56ejdrp8mg25lm8xgyq,OnE_Raider,1885,2020-12-26,Flash,False,y2drppjz
Duck Life 1,No Major Glitches,Single Activity,yd48w56ejdrp8mg25le3kg6q,Regia,1895,2016-06-17,Flash,False,8yvp83oy
Duck Life 1,No Major Glitches,Any%,yd48w56ejdrp8mg2jq6y4zn1,TJFitzy,1901,2020-11-27,Web,False,y2dkq37z
Duck Life 1,No Major Glitches,100%,yd48w56ejdrp8mg25lm8xgyq,Magic_Fetus,1936,2021-02-05,Flash,False,yo97ke1y
Duck Life 1,No Major Glitches,Any%,yd48w56ejdrp8mg2jq6y4zn1,Colonial_Colony,1955,2020-12-31,Web,False,m75j49wz
Duck Life 1,No Major Glitches,Any%,yd48w56ejdrp8mg2jq6y4zn1,wearenotsad,1960,2021-02-07,Web,False,zqg12xrm
Duck Life 1,No Major Glitches,Any%,yd48w56ejdrp8mg2jq6y4zn1,BigPeePeeGuy123,1965,2021-03-21,Web,False,z186ek7y
Duck Life 1,No Major Glitches,100%,yd48w56ejdrp8mg25lm8xgyq,TwoStingray4375,1967,2021-02-01,Flash,False,y8vv1v1z
Duck Life 1,No Major Glitches,Any%,yd48w56ejdrp8mg2jq6y4zn1,felinefrost,1968,2021-06-04,Web,False,me7e958y
Duck Life 1,No Major Glitches,100%,yd48w56ejdrp8mg25lm8xgyq,key_dropBoy555,1977,2020-12-14,Flash,False,yd0lx00z
Duck Life 1,No Major Glitches,100%,yd48w56ejdrp8mg25lm8xgyq,MintCalfDaddy,1995,2022-05-13,Flash,False,zq716p9m
Duck Life 1,No Major Glitches,100%,yd48w56ejdrp8mg25lm8xgyq,YoloJesus420,2019,2018-04-27,Flash,False,m79k0p9y
Duck Life 1,No Major Glitches,100%,yd48w56ejdrp8mg25lm8xgyq,Ramble,2040,2026-02-06,Web,False,zn5ld87z
Duck Life 1,No Major Glitches,Any%,yd48w56ejdrp8mg2jq6y4zn1,bananagrams718,2050,2021-01-12,Web,False,zgx3wrvm
Duck Life 1,No Major Glitches,Any%,yd48w56ejdrp8mg2jq6y4zn1,ky_bee,2055,2020-12-18,Web,False,zxdjpdqy
Duck Life 1,No Major Glitches,Single Activity,yd48w56ejdrp8mg25le3kg6q,schefey,2060,2020-12-29,Flash,False,y2d6qj9z
Duck Life 1,No Major Glitches,100%,yd48w56ejdrp8mg25lm8xgyq,Viktor1565,2081,2021-02-21,Flash,False,y2vej6jz
Duck Life 1,No Major Glitches,Any%,yd48w56ejdrp8mg2jq6y4zn1,anemo_wolphy,2093,2021-01-25,Web,False,mr4e5n8z
Duck Life 1,No Major Glitches,Any%,yd48w56ejdrp8mg2jq6y4zn1,Ihateseabass,2097,2020-12-26,Web,False,z09kj99z
Duck Life 1,No Major Glitches,Any%,yd48w56ejdrp8mg2jq6y4zn1,thatboi_og123,2108,2021-01-08,Web,False,y914122m
Duck Life 1,No Major Glitches,Any%,yd48w56ejdrp8mg2jq6y4zn1,Yeet_Xe_Boi,2131,2021-03-09,Web,False,yv2lw04m
Duck Life 1,No Major Glitches,Any%,yd48w56ejdrp8mg2jq6y4zn1,michael2010,2158,2021-01-09,Web,False,ywd9ww9z
Duck Life 1,No Major Glitches,Single Activity,yd48w56ejdrp8mg25le3kg6q,Querxes,2159,2020-12-27,Flash,False,yd0ol5jz
Duck Life 1,No Major Glitches,100%,yd48w56ejdrp8mg25lm8xgyq,Math_King,2164,2021-05-29,Flash,False,y99xo2ey
Duck Life 1,No Major Glitches,100%,yd48w56ejdrp8mg25lm8xgyq,UltraDuckMaster,2225,2021-01-11,Flash,False,z5394qey
Duck Life 1,No Major Glitches,No Skill Seed,yd48w56ejdrp8mg281wem591,AlienArmy127,2236,2020-12-29,Flash,False,z092rg9z
Duck Life 1,No Major Glitches,100%,yd48w56ejdrp8mg25lm8xgyq,Kris_Korn,2249,2020-12-16,Flash,False,m75e585z
Duck Life 1,No Major Glitches,Any%,yd48w56ejdrp8mg2jq6y4zn1,LifeOnTheLedgerLines,2261,2021-01-27,Web,False,z50jxody
Duck Life 1,No Major Glitches,Single Activity,yd48w56ejdrp8mg25le3kg6q,Asylum14,2281,2016-06-16,Flash,False,9mrlr78m
Duck Life 1,No Major Glitches,Any%,yd48w56ejdrp8mg2jq6y4zn1,Unknown1,2322,2021-01-17,Web,False,zx6v355z
Duck Life 1,No Major Glitches,100%,yd48w56ejdrp8mg25lm8xgyq,its_Chilly__,2335,2020-10-28,Flash,False,yd0rn00z
Duck Life 1,No Major Glitches,Any%,yd48w56ejdrp8mg2jq6y4zn1,Viktor1565,2344,2021-02-20,Web,False,me917k9z
Duck Life 1,No Major Glitches,Any%,yd48w56ejdrp8mg2jq6y4zn1,hurley0416,2353,2021-01-10,Web,False,yd0k4rvz
Duck Life 1,No Major Glitches,100%,yd48w56ejdrp8mg25lm8xgyq,linkboi22,2369,2021-04-10,Flash,False,y8d3j65z
Duck Life 1,No Major Glitches,Any%,yd48w56ejdrp8mg2jq6y4zn1,rangerblake13,2386,2020-09-02,Web,False,z5j9gedm
Duck Life 1,No Major Glitches,Any%,yd48w56ejdrp8mg2jq6y4zn1,04preme,2390,2020-12-26,Web,True,zgv9eonz
Duck Life 1,No Major Glitches,Any%,yd48w56ejdrp8mg2jq6y4zn1,Astro5000,2398,2022-06-28,Web,False,yddl2jvy
Duck Life 1,No Major Glitches,Any%,yd48w56ejdrp8mg2jq6y4zn1,dicklicker,2412,2021-02-19,Web,False,z5026gny
Duck Life 1,No Major Glitches,Any%,yd48w56ejdrp8mg2jq6y4zn1,chubbinlovin,2433,2021-02-10,Web,False,m787070z
Duck Life 1,No Major Glitches,Single Activity,yd48w56ejdrp8mg25le3kg6q,PlexagonsBuff,2459,2021-04-11,Flash,False,yv14r6xy
Duck Life 1,No Major Glitches,Any%,yd48w56ejdrp8mg2jq6y4zn1,robot1234,2481,2021-02-21,Web,False,znoqpxvy
Duck Life 1,No Major Glitches,Any%,yd48w56ejdrp8mg2jq6y4zn1,Punctual26,2492,2021-01-20,Web,False,yd93r00z
Duck Life 1,No Major Glitches,Any%,yd48w56ejdrp8mg2jq6y4zn1,joeSSGYT,2498,2021-01-19,Web,False,zno8nvvy
Duck Life 1,No Major Glitches,Any%,yd48w56ejdrp8mg2jq6y4zn1,68amazing,2501,2023-10-21,Web,False,y9kn4jrz
Duck Life 1,No Major Glitches,100%,yd48w56ejdrp8mg25lm8xgyq,Epic_46,2552,2021-01-14,Flash,False,y663v1py
Duck Life 1,No Major Glitches,100%,yd48w56ejdrp8mg25lm8xgyq,Ballisticam12,2595,2022-01-26,Flash,False,zxl81xqz
Duck Life 1,No Major Glitches,100%,yd48w56ejdrp8mg25lm8xgyq,terrythetortoise,2630,2021-01-02,Flash,False,yo3glj0y
Duck Life 1,No Major Glitches,100%,yd48w56ejdrp8mg25lm8xgyq,TURKEY3659,2670,2026-03-24,Web,False,mrw1qwgy
Duck Life 1,No Major Glitches,Any%,yd48w56ejdrp8mg2jq6y4zn1,Msdoodoo,2702,2021-02-03,Web,False,mk77v23y
Duck Life 1,No Major Glitches,Any%,yd48w56ejdrp8mg2jq6y4zn1,TheAlmond,2722,2021-01-09,Web,False,zgv4pg0z
Duck Life 1,No Major Glitches,Any%,yd48w56ejdrp8mg2jq6y4zn1,Mastergamer_09,2817,2023-01-21,Web,False,m727ol0z
Duck Life 1,No Major Glitches,Single Activity,yd48w56ejdrp8mg25le3kg6q,SheenSimpson,2897,2018-05-15,Flash,False,zn8deplz
Duck Life 1,No Major Glitches,Any%,yd48w56ejdrp8mg2jq6y4zn1,hymate,3105,2020-12-31,Web,False,y2d6r36z
Duck Life 1,No Major Glitches,Any%,yd48w56ejdrp8mg2jq6y4zn1,Ice2474,3600,2021-03-08,Web,False,yd9nnvxz
Duck Life 1,No Major Glitches,Any%,yd48w56ejdrp8mg2jq6y4zn1,i_am_op,3600,2024-04-30,Web,False,zn2j6p9z
Duck Life 1,No Major Glitches,Any%,yd48w56ejdrp8mg2jq6y4zn1,StrawberrySakura,3724,2021-01-14,Web,False,y2v9n07z
Duck Life 1,No Major Glitches,100%,yd48w56ejdrp8mg25lm8xgyq,nico1,6007,2023-06-03,Flash,False,zx36oq5z
Duck Life 1,Glitched,Any%,yd48w56ewdmq83e29qjwzx01,Caarda,66,2024-03-14,Flash,False,y9j103nm
Duck Life 1,Glitched,Any%,yd48w56ewdmq83e29qjwzx01,Cheggjon,68,2021-01-04,Flash,False,yo3w2pdy
Duck Life 1,Glitched,Any%,yd48w56ewdmq83e29qjwzx01,Sabi2798,68,2023-03-10,Flash,False,yj8e13gm
Duck Life 1,Glitched,Any%,yd48w56ewdmq83e29qjwzx01,Creepiumgamer,68,2024-04-11,Flash,False,ywgj2knz
Duck Life 1,Glitched,Any%,yd48w56ewdmq83e29qjwzx01,Fqceless,70,2021-01-05,Flash,False,yd07w0qz
Duck Life 1,Glitched,Any%,yd48w56ewdmq83e29qjwzx01,ennopponetwelve,75,2020-08-01,Flash,False,z050q1em
Duck Life 1,Glitched,Any%,yd48w56ewdmq83e29qjwzx01,TheGlitched64,81,2017-02-14,Flash,False,nz146krz
Duck Life 1,Glitched,Any%,yd48w56ewdmq83e29qjwzx01,snivy,85,2021-08-02,Flash,False,zgr77wvm
Duck Life 1,Glitched,Any%,yd48w56ewdmq83e29qjwzx01,Gabriel.Hartman,87,2017-01-27,Flash,False,pzg195vz
Duck Life 1,Glitched,Any%,yd48w56ewdmq83e29qjwzx01,FlipK1cky,90,2020-12-13,Flash,False,me6g002z
Duck Life 1,Glitched,Any%,yd48w56ewdmq83e29qjwzx01,piplup17,115,2020-05-16,Flash,False,z5jr05gm
Duck Life 1,Glitched,Any%,yd48w56ewdmq83e29qjwzx01,Banj0,116,2021-01-03,Flash,False,zgv017vz
Duck Life 1,Glitched,Any%,yd48w56ewdmq83e29qjwzx01,Regia,123,2016-10-17,Flash,False,dy4jr52y
Duck Life 1,Glitched,Any%,yd48w56ewdmq83e29qjwzx01,Polariz,133,2017-02-21,Flash,False,dy4d13ny
Duck Life 1,Glitched,Any%,yd48w56ewdmq83e29qjwzx01,CrunchKings,391,2017-01-11,Flash,False,1zxpk48y
Duck Life 1,Glitched,No RcB,yd48w56ewdmq83e281005wj1,Creepiumgamer,430,2024-07-17,Flash,False,y6epl5qz
Duck Life 1,Glitched,No RcB,yd48w56ewdmq83e281005wj1,Caarda,433,2020-12-16,Flash,False,m3gwglqz
Duck Life 1,Glitched,No RcB,yd48w56ewdmq83e281005wj1,Sabi2798,438,2023-11-19,Flash,False,yjwdgknm
Duck Life 1,Glitched,No RcB,yd48w56ewdmq83e281005wj1,Cheggjon,440,2018-10-14,Flash,False,zq30nqxy
Duck Life 1,Glitched,No RcB,yd48w56ewdmq83e281005wj1,ennopponetwelve,457,2020-08-01,Flash,False,y258w19y
Duck Life 1,Glitched,No RcB,yd48w56ewdmq83e281005wj1,Fqceless,466,2018-06-11,Flash,False,zq364dry
Duck Life 1,Glitched,No RcB,yd48w56ewdmq83e281005wj1,TheGlitched64,478,2018-07-03,Flash,False,mk991jxz
Duck Life 1,Glitched,No RcB,yd48w56ewdmq83e281005wj1,Kyrette,490,2017-09-14,Flash,False,ydqejpqm
Duck Life 1,Glitched,No RcB,yd48w56ewdmq83e281005wj1,snivy,513,2021-08-01,Flash,False,mrnq524y
Duck Life 1,Glitched,No RcB,yd48w56ewdmq83e281005wj1,piplup17,515,2016-06-18,Flash,False,emk00gxz
Duck Life 1,Glitched,No RcB,yd48w56ewdmq83e281005wj1,Misha_Flash,515,2024-08-08,Flash,False,z0q6o2em
Duck Life 1,Glitched,No RcB,yd48w56ewdmq83e281005wj1,Gabriel.Hartman,517,2016-06-19,Flash,False,1zqjjj9m
Duck Life 1,Glitched,No RcB,yd48w56ewdmq83e281005wj1,Regia,542,2016-06-17,Flash,False,1zqje4rm
Duck Life 1,Glitched,Any%,yd48w56ewdmq83e29qjwzx01,ItsHavoc,576,2021-12-17,Flash,False,y20ql36m
Duck Life 1,Glitched,No RcB,yd48w56ewdmq83e281005wj1,Asylum14,596,2016-06-18,Flash,False,8y86075m
Duck Life 1,Glitched,No RcB,yd48w56ewdmq83e281005wj1,amg,608,2016-06-21,Flash,False,kz5p83nm
Duck Life 1,Glitched,King of Ducks,yd48w56ewdmq83e24qy5xj31,Caarda,621,2026-07-09,Flash,False,y849ow1z
Duck Life 1,Glitched,King of Ducks,yd48w56ewdmq83e24qy5xj31,Creepiumgamer,624,2024-04-16,Flash,False,y22pk95y
Duck Life 1,Glitched,King of Ducks,yd48w56ewdmq83e24qy5xj31,Sabi2798,625,2021-12-30,Flash,False,z0o92wez
Duck Life 1,Glitched,King of Ducks,yd48w56ewdmq83e24qy5xj31,Cheggjon,628,2020-08-14,Flash,False,yv6exlxz
Duck Life 1,Glitched,Any%,yd48w56ewdmq83e29qjwzx01,Connelen,660,2018-06-15,Flash,False,yd3q100z
Duck Life 1,Glitched,King of Ducks,yd48w56ewdmq83e24qy5xj31,ennopponetwelve,666,2020-07-28,Flash,False,y258197y
Duck Life 1,Glitched,King of Ducks,yd48w56ewdmq83e24qy5xj31,Fqceless,670,2018-06-14,Flash,False,ywp13kpz
Duck Life 1,Glitched,King of Ducks,yd48w56ewdmq83e24qy5xj31,ILikeBaguette25,683,2026-03-24,Web,False,y26xvw6m
Duck Life 1,Glitched,King of Ducks,yd48w56ewdmq83e24qy5xj31,Gabriel.Hartman,684,2017-01-18,Flash,False,jy9glrrm
Duck Life 1,Glitched,King of Ducks,yd48w56ewdmq83e24qy5xj31,piplup17,693,2016-07-08,Flash,False,oy2kqqjy
Duck Life 1,Glitched,King of Ducks,yd48w56ewdmq83e24qy5xj31,Kyrette,695,2017-02-15,Flash,False,9mrpw8dz
Duck Life 1,Glitched,King of Ducks,yd48w56ewdmq83e24qy5xj31,Joeeigel,700,2016-10-14,Flash,False,pm3w5nqy
Duck Life 1,Glitched,King of Ducks,yd48w56ewdmq83e24qy5xj31,TheGlitched64,712,2017-09-15,Flash,False,y679q26m
Duck Life 1,Glitched,King of Ducks,yd48w56ewdmq83e24qy5xj31,Regia,713,2016-09-04,Flash,False,1zq8ox8z
Duck Life 1,Glitched,100%,yd48w56ewdmq83e2mlndyz61,Caarda,714,2026-07-10,Flash,False,z541q3dm
Duck Life 1,Glitched,King of Ducks,yd48w56ewdmq83e24qy5xj31,Megumin,716,2021-01-21,Flash,False,z181l79y
Duck Life 1,Glitched,King of Ducks,yd48w56ewdmq83e24qy5xj31,Jeser101,719,2018-06-19,Flash,False,ywp1wl3z
Duck Life 1,Glitched,King of Ducks,yd48w56ewdmq83e24qy5xj31,DragonHunter,724,2016-07-08,Flash,False,0y6q7k0z
Duck Life 1,Glitched,100%,yd48w56ewdmq83e2mlndyz61,Creepiumgamer,725,2024-04-17,Flash,False,zglp980m
Duck Life 1,Glitched,100%,yd48w56ewdmq83e2mlndyz61,Sabi2798,743,2021-12-25,Flash,False,mr6k5x7m
Duck Life 1,Glitched,King of Ducks,yd48w56ewdmq83e24qy5xj31,Trylodon,747,2016-09-03,Flash,False,nz194x9m
Duck Life 1,Glitched,100%,yd48w56ewdmq83e2mlndyz61,Cheggjon,753,2018-06-19,Flash,False,zq362pxy
Duck Life 1,Glitched,100%,yd48w56ewdmq83e2mlndyz61,ennopponetwelve,758,2021-06-22,Flash,False,ylqxg6kz
Duck Life 1,Glitched,100%,yd48w56ewdmq83e2mlndyz61,Kyrette,760,2018-05-11,Flash,False,zn8d7w9z
Duck Life 1,Glitched,100%,yd48w56ewdmq83e2mlndyz61,Fqceless,774,2018-06-17,Flash,False,zn4827lm
Duck Life 1,Glitched,King of Ducks,yd48w56ewdmq83e24qy5xj31,snivy,780,2021-08-01,Flash,False,y69782qy
Duck Life 1,Glitched,King of Ducks,yd48w56ewdmq83e24qy5xj31,Asylum14,801,2016-06-25,Flash,False,6yj2eggm
Duck Life 1,Glitched,King of Ducks,yd48w56ewdmq83e24qy5xj31,CrunchKings,801,2017-01-13,Flash,False,7yl2k6nz
Duck Life 1,Glitched,King of Ducks,yd48w56ewdmq83e24qy5xj31,Sleepy_Moon16,814,2020-12-31,Flash,False,yv9eddxz
Duck Life 1,Glitched,100%,yd48w56ewdmq83e2mlndyz61,TheGlitched64,837,2018-07-03,Flash,False,yj4499gy
Duck Life 1,Glitched,100%,yd48w56ewdmq83e2mlndyz61,Gabriel.Hartman,839,2017-01-27,Flash,False,0y6w841z
Duck Life 1,Glitched,100%,yd48w56ewdmq83e2mlndyz61,piplup17,846,2016-07-22,Flash,False,nz1kg4gy
Duck Life 1,Glitched,King of Ducks,yd48w56ewdmq83e24qy5xj31,Polariz,851,2017-02-20,Flash,False,pyd73wvy
Duck Life 1,Glitched,King of Ducks,yd48w56ewdmq83e24qy5xj31,Atteron,907,2017-09-23,Flash,False,zpq87ogy
Duck Life 1,Glitched,100%,yd48w56ewdmq83e2mlndyz61,snivy,961,2021-09-03,Flash,False,zgrr1d0m
Duck Life 1,Glitched,Any%,yd48w56ewdmq83e29qjwzx01,GreedyGore,963,2019-03-12,Flash,False,ywp5wr2z
Duck Life 1,Glitched,King of Ducks,yd48w56ewdmq83e24qy5xj31,xzRockin,969,2016-06-18,Flash,False,0y6225pz
Duck Life 1,Glitched,King of Ducks,yd48w56ewdmq83e24qy5xj31,ashfr,983,2016-06-26,Flash,False,0y62gwqz
Duck Life 1,Glitched,100%,yd48w56ewdmq83e2mlndyz61,Polariz,1013,2017-02-21,Flash,False,pm3p1owz
Duck Life 1,Glitched,King of Ducks,yd48w56ewdmq83e24qy5xj31,Ayeka,1014,2025-05-03,Flash,False,yjq45w7m
Duck Life 1,Glitched,100%,yd48w56ewdmq83e2mlndyz61,Ayeka,1014,2025-05-03,Flash,False,zpo086nm
Duck Life 1,Glitched,Any%,yd48w56ewdmq83e29qjwzx01,Ayeka,1014,2025-05-03,Flash,False,z161x9jm
Duck Life 1,Glitched,King of Ducks,yd48w56ewdmq83e24qy5xj31,FortniteChipper,1063,2020-04-01,Flash,False,z05e32jm
Duck Life 1,Glitched,King of Ducks,yd48w56ewdmq83e24qy5xj31,EmcD,1253,2017-04-22,Flash,False,y677pgqm
Duck Life 1,Glitched,King of Ducks,yd48w56ewdmq83e24qy5xj31,SheenSimpson,1330,2018-05-22,Flash,False,m3o99xgm
Duck Life 1,Glitched,100%,yd48w56ewdmq83e2mlndyz61,SheenSimpson,1330,2018-05-22,Flash,False,y4399x2z
Duck Life 1,Glitched,No RcB,yd48w56ewdmq83e281005wj1,SheenSimpson,1330,2018-05-22,Flash,False,zq3kk91y
Duck Life 1,Glitched,Any%,yd48w56ewdmq83e29qjwzx01,SheenSimpson,1330,2018-05-22,Flash,False,y2q99e7y
Duck Life 1,Glitched,100%,yd48w56ewdmq83e2mlndyz61,Jeser101,1349,2018-06-19,Flash,False,yo24q10z
Duck Life 1,Glitched,100%,yd48w56ewdmq83e2mlndyz61,Woke,1373,2016-05-07,Flash,False,kz5exwez
Duck Life 1,Glitched,King of Ducks,yd48w56ewdmq83e24qy5xj31,Facundoyanero,1375,2017-10-13,Flash,False,zn87d8vz
Duck Life 1,Glitched,100%,yd48w56ewdmq83e2mlndyz61,CrunchKings,1377,2017-01-07,Flash,False,dy40pdkz
Duck Life 1,Glitched,King of Ducks,yd48w56ewdmq83e24qy5xj31,jimmystumps,1500,2017-04-15,Flash,False,z0ew01om
Duck Life 1,Glitched,King of Ducks,yd48w56ewdmq83e24qy5xj31,mw2dghj,1901,2021-01-14,Flash,False,yw0ex83m
Duck Life 1,Glitched,King of Ducks,yd48w56ewdmq83e24qy5xj31,Yavuz1,1914,2022-02-18,Flash,False,ydwl96vm
Duck Life 1,In Browser,Any%,yd48w56ewk6e8oq221g8gnxl,Imanapple,1153,2021-01-17,Web,False,y2v3j37z
Duck Life 1,In Browser,Any%,yd48w56ewk6e8oq221g8gnxl,Creepiumgamer,1153,2025-01-10,Web,False,zpk37vvy
Duck Life 1,In Browser,Any%,yd48w56ewk6e8oq221g8gnxl,WhiteStorm22,1169,2026-03-18,Web,False,zpv35pxz
Duck Life 1,In Browser,Any%,yd48w56ewk6e8oq221g8gnxl,ConfusedBTW,1185,2021-03-03,Web,False,yj1w33oy
Duck Life 1,In Browser,Any%,yd48w56ewk6e8oq221g8gnxl,ILikeBaguette25,1188,2026-02-24,Web,False,z02eq4om
Duck Life 1,In Browser,Any%,yd48w56ewk6e8oq221g8gnxl,Pragara,1199,2023-03-17,Web,False,y4gnwxqy
Duck Life 1,In Browser,Any%,yd48w56ewk6e8oq221g8gnxl,nahchoXD,1207,2021-02-03,Web,False,y666v9jy
Duck Life 1,In Browser,Any%,yd48w56ewk6e8oq221g8gnxl,Nulzap,1217,2021-03-01,Web,False,y9n8kprz
Duck Life 1,In Browser,Any%,yd48w56ewk6e8oq221g8gnxl,Cheggjon,1218,2021-01-10,Web,False,mr93dedm
Duck Life 1,In Browser,Any%,yd48w56ewk6e8oq221g8gnxl,snivy,1223,2021-08-01,Web,False,y6978qqy
Duck Life 1,In Browser,Any%,yd48w56ewk6e8oq221g8gnxl,Kosmet,1233,2021-07-17,Web,False,y4rdjr3z
Duck Life 1,In Browser,Any%,yd48w56ewk6e8oq221g8gnxl,0r4nge,1239,2021-01-09,Web,False,m3ge73qz
Duck Life 1,In Browser,Any%,yd48w56ewk6e8oq221g8gnxl,AstroXAlf,1247,2021-04-25,Web,False,y2x1rq5m
Duck Life 1,In Browser,Any%,yd48w56ewk6e8oq221g8gnxl,ZZJET7,1248,2021-06-13,Web,False,y8dkrvdz
Duck Life 1,In Browser,Any%,yd48w56ewk6e8oq221g8gnxl,ennopponetwelve,1257,2021-06-17,Web,False,yo708w5m
Duck Life 1,In Browser,Any%,yd48w56ewk6e8oq221g8gnxl,TheyCallMeGhys,1265,2021-01-14,Web,False,m3n9wrgy
Duck Life 1,In Browser,Any%,yd48w56ewk6e8oq221g8gnxl,matthew2400000,1265,2021-01-27,Web,False,m3n5qdgy
Duck Life 1,In Browser,Any%,yd48w56ewk6e8oq221g8gnxl,JayEmL,1268,2024-03-01,Web,False,m7nq919z
Duck Life 1,In Browser,Any%,yd48w56ewk6e8oq221g8gnxl,VortexlolXD,1275,2025-10-20,Web,False,z0k5leem
Duck Life 1,In Browser,Any%,yd48w56ewk6e8oq221g8gnxl,osceyboy,1276,2021-01-07,Web,False,zgv565vz
Duck Life 1,In Browser,Any%,yd48w56ewk6e8oq221g8gnxl,Belle_M_05,1276,2024-03-08,Web,False,yjol6joz
Duck Life 1,In Browser,Any%,yd48w56ewk6e8oq221g8gnxl,TossedGotNewSocks,1282,2021-12-15,Web,False,m7wpeg4z
Duck Life 1,In Browser,Any%,yd48w56ewk6e8oq221g8gnxl,TheGlitched64,1288,2021-01-12,Web,False,y66374qy
Duck Life 1,In Browser,Any%,yd48w56ewk6e8oq221g8gnxl,duckywho,1289,2022-07-26,Web,False,z5293nnz
Duck Life 1,In Browser,Any%,yd48w56ewk6e8oq221g8gnxl,Òenomäus,1294,2021-01-15,Web,False,m3n944qy
Duck Life 1,In Browser,Any%,yd48w56ewk6e8oq221g8gnxl,SawyerSauce,1294,2021-03-03,Web,False,y42k122m
Duck Life 1,In Browser,Any%,yd48w56ewk6e8oq221g8gnxl,Fqceless,1297,2021-07-24,Web,False,z07ww4jy
Duck Life 1,In Browser,Any%,yd48w56ewk6e8oq221g8gnxl,tjf220,1297,2022-05-24,Web,False,m76w330y
Duck Life 1,In Browser,Any%,yd48w56ewk6e8oq221g8gnxl,Xen0m,1300,2021-11-19,Web,False,m77kg20m
Duck Life 1,In Browser,Any%,yd48w56ewk6e8oq221g8gnxl,pavansingh811,1303,2021-01-10,Web,False,z53967ny
Duck Life 1,In Browser,Any%,yd48w56ewk6e8oq221g8gnxl,chipscape,1306,2022-02-15,Web,False,mkepw6lm
Duck Life 1,In Browser,Any%,yd48w56ewk6e8oq221g8gnxl,piplup17,1306,2024-06-01,Web,False,yjoqe47z
Duck Life 1,In Browser,100%,yd48w56ewk6e8oq2xqkj8z4l,Creepiumgamer,1306,2025-01-21,Web,False,y9p34r2m
Duck Life 1,In Browser,Any%,yd48w56ewk6e8oq221g8gnxl,TDJoel,1307,2024-12-19,Web,False,y8o1d9dm
Duck Life 1,In Browser,Any%,yd48w56ewk6e8oq221g8gnxl,EpicTrister,1309,2021-02-18,Web,False,m3n3vg6y
Duck Life 1,In Browser,Any%,yd48w56ewk6e8oq221g8gnxl,FieldRaccoon56,1309,2021-03-06,Web,False,yj1olngy
Duck Life 1,In Browser,Any%,yd48w56ewk6e8oq221g8gnxl,pollland,1314,2024-02-01,Web,False,zg85x1vy
Duck Life 1,In Browser,Any%,yd48w56ewk6e8oq221g8gnxl,Jamonsometoast,1329,2022-06-07,Web,False,yvr83q8z
Duck Life 1,In Browser,Any%,yd48w56ewk6e8oq221g8gnxl,TheNamesBrodie,1332,2021-02-15,Web,False,yj1xn2ny
Duck Life 1,In Browser,100%,yd48w56ewk6e8oq2xqkj8z4l,Rycki,1339,2025-01-07,Web,False,ydv9gqjy
Duck Life 1,In Browser,Any%,yd48w56ewk6e8oq221g8gnxl,EpicTevan878,1340,2023-08-13,Web,False,y98wq7rz
Duck Life 1,In Browser,Any%,yd48w56ewk6e8oq221g8gnxl,CounterSole66,1341,2021-01-26,Web,False,z185jnwy
Duck Life 1,In Browser,Any%,yd48w56ewk6e8oq221g8gnxl,BenedictFleur123,1344,2021-04-25,Web,False,zggk6wez
Duck Life 1,In Browser,Any%,yd48w56ewk6e8oq221g8gnxl,origammi,1345,2021-07-31,Web,False,ywk1xn9y
Duck Life 1,In Browser,100%,yd48w56ewk6e8oq2xqkj8z4l,Nulzap,1346,2021-02-28,Web,False,y8v6ejdz
Duck Life 1,In Browser,Any%,yd48w56ewk6e8oq221g8gnxl,Longfield,1350,2021-12-17,Web,False,z121ewry
Duck Life 1,In Browser,100%,yd48w56ewk6e8oq2xqkj8z4l,tjf220,1350,2022-05-26,Web,False,yoprqdjm
Duck Life 1,In Browser,100%,yd48w56ewk6e8oq2xqkj8z4l,Cheggjon,1353,2021-01-31,Web,False,y42e0ddm
Duck Life 1,In Browser,Any%,yd48w56ewk6e8oq221g8gnxl,Gaigus,1360,2021-05-01,Web,False,z5r354ey
Duck Life 1,In Browser,Any%,yd48w56ewk6e8oq221g8gnxl,LogicalPaths,1362,2024-12-07,Web,False,y4j5xdky
Duck Life 1,In Browser,Any%,yd48w56ewk6e8oq221g8gnxl,Merritt1254,1363,2021-06-10,Web,False,zxg3xn5y
Duck Life 1,In Browser,Any%,yd48w56ewk6e8oq221g8gnxl,enemyy,1363,2023-02-28,Web,False,zxnq7rgm
Duck Life 1,In Browser,100%,yd48w56ewk6e8oq2xqkj8z4l,GRADIVUSbread,1369,2021-04-18,Web,False,mr18nk4z
Duck Life 1,In Browser,Any%,yd48w56ewk6e8oq221g8gnxl,squareSquared,1374,2021-01-11,Web,False,mk8jnexm
Duck Life 1,In Browser,Any%,yd48w56ewk6e8oq221g8gnxl,tommmmasssssss,1375,2021-02-22,Web,False,me91n78z
Duck Life 1,In Browser,Any%,yd48w56ewk6e8oq221g8gnxl,Wronghand,1377,2023-03-16,Web,False,z0n0119m
Duck Life 1,In Browser,Any%,yd48w56ewk6e8oq221g8gnxl,yesJacob,1380,2021-01-14,Web,False,yw0en0nm
Duck Life 1,In Browser,Any%,yd48w56ewk6e8oq221g8gnxl,Jsummers33,1383,2021-02-21,Web,False,z50x82ny
Duck Life 1,In Browser,Any%,yd48w56ewk6e8oq221g8gnxl,Decals,1384,2021-03-15,Web,False,yw0wv80m
Duck Life 1,In Browser,Any%,yd48w56ewk6e8oq221g8gnxl,rayah,1386,2021-01-20,Web,False,y8v9r4wz
Duck Life 1,In Browser,Any%,yd48w56ewk6e8oq221g8gnxl,nerpice,1386,2021-04-21,Web,False,zgg747vz
Duck Life 1,In Browser,Any%,yd48w56ewk6e8oq221g8gnxl,qwex,1390,2021-01-05,Web,False,yj60p3oz
Duck Life 1,In Browser,Any%,yd48w56ewk6e8oq221g8gnxl,AirFreshenerGuy,1393,2021-02-18,Web,False,y9nvedkz
Duck Life 1,In Browser,Any%,yd48w56ewk6e8oq221g8gnxl,Decos,1393,2021-10-24,Web,False,z5dlwg5m
Duck Life 1,In Browser,100%,yd48w56ewk6e8oq2xqkj8z4l,snivy,1400,2021-08-01,Web,False,zqv65d9m
Duck Life 1,In Browser,Any%,yd48w56ewk6e8oq221g8gnxl,Izzometer,1400,2023-07-04,Web,False,y86x4n5m
Duck Life 1,In Browser,Any%,yd48w56ewk6e8oq221g8gnxl,EnSnaredKnight,1401,2025-01-05,Web,False,zpk33p8y
Duck Life 1,In Browser,Any%,yd48w56ewk6e8oq221g8gnxl,rriittzzballz,1402,2021-06-09,Web,False,ydrjdnxz
Duck Life 1,In Browser,Any%,yd48w56ewk6e8oq221g8gnxl,Karma1412,1402,2021-11-07,Web,False,y69w7n1y
Duck Life 1,In Browser,Any%,yd48w56ewk6e8oq221g8gnxl,D49David49,1402,2023-11-12,Web,False,ywnj562y
Duck Life 1,In Browser,Any%,yd48w56ewk6e8oq221g8gnxl,YouveBeanBad,1403,2021-03-15,Web,False,z18vp7ry
Duck Life 1,In Browser,Any%,yd48w56ewk6e8oq221g8gnxl,goopoog,1411,2022-03-12,Web,False,y9lg98ny
Duck Life 1,In Browser,Any%,yd48w56ewk6e8oq221g8gnxl,ZayedGaming,1412,2024-04-13,Web,False,m3031p6m
Duck Life 1,In Browser,100%,yd48w56ewk6e8oq2xqkj8z4l,nahchoXD,1413,2021-01-14,Web,False,z18d6pwy
Duck Life 1,In Browser,Any%,yd48w56ewk6e8oq221g8gnxl,EIGHT_O_CLOCK,1414,2021-04-14,Web,False,m7d9w30m
Duck Life 1,In Browser,Any%,yd48w56ewk6e8oq221g8gnxl,dekelse,1415,2021-03-02,Web,False,yd92qg0z
Duck Life 1,In Browser,Any%,yd48w56ewk6e8oq221g8gnxl,Lubov,1417,2021-01-06,Web,False,zpljpe8m
Duck Life 1,In Browser,Any%,yd48w56ewk6e8oq221g8gnxl,Tourtles,1418,2021-08-18,Web,False,m775dv9m
Duck Life 1,In Browser,Any%,yd48w56ewk6e8oq221g8gnxl,ScItt0,1418,2021-12-15,Web,False,y20qnrwm
Duck Life 1,In Browser,Any%,yd48w56ewk6e8oq221g8gnxl,Joshp_275,1418,2024-03-02,Web,False,zn2r393z
Duck Life 1,In Browser,Any%,yd48w56ewk6e8oq221g8gnxl,jeli,1421,2021-02-14,Web,False,zx6l5ggz
Duck Life 1,In Browser,Any%,yd48w56ewk6e8oq221g8gnxl,Galaxycat,1421,2021-03-10,Web,False,y9ndn2ez
Duck Life 1,In Browser,Any%,yd48w56ewk6e8oq221g8gnxl,Rhylow,1422,2021-01-07,Web,False,z53qq5ey
Duck Life 1,In Browser,Any%,yd48w56ewk6e8oq221g8gnxl,kathow,1430,2022-08-15,Web,False,y6x54wjy
Duck Life 1,In Browser,Any%,yd48w56ewk6e8oq221g8gnxl,Spyder_Hax,1431,2021-02-06,Web,False,z50r2wjy
Duck Life 1,In Browser,Any%,yd48w56ewk6e8oq221g8gnxl,sydney_beth,1433,2022-08-15,Web,False,zgqw5vdy
Duck Life 1,In Browser,Any%,yd48w56ewk6e8oq221g8gnxl,Me_ow,1434,2025-02-05,Web,False,zq29dp5z
Duck Life 1,In Browser,Any%,yd48w56ewk6e8oq221g8gnxl,JManiac15,1440,2021-02-10,Web,False,mr4nre7z
Duck Life 1,In Browser,Any%,yd48w56ewk6e8oq221g8gnxl,Pancake11037,1443,2021-01-29,Web,False,m3n5e06y
Duck Life 1,In Browser,Any%,yd48w56ewk6e8oq221g8gnxl,TTVillegalkid,1444,2021-01-10,Web,False,me6rwn8z
Duck Life 1,In Browser,Any%,yd48w56ewk6e8oq221g8gnxl,L1k3Lukas,1444,2023-06-30,Web,False,yvp04j6y
Duck Life 1,In Browser,Any%,yd48w56ewk6e8oq221g8gnxl,9AirFresheners,1448,2021-03-06,Web,False,z508jkey
Duck Life 1,In Browser,Any%,yd48w56ewk6e8oq221g8gnxl,Xzap77,1448,2025-04-29,Web,False,z00e0koz
Duck Life 1,In Browser,Any%,yd48w56ewk6e8oq221g8gnxl,dtsayshi,1449,2021-07-17,Web,False,zn1n52vm
Duck Life 1,In Browser,Any%,yd48w56ewk6e8oq221g8gnxl,grandeer,1453,2021-01-09,Web,False,mk8jk83m
Duck Life 1,In Browser,Any%,yd48w56ewk6e8oq221g8gnxl,Davo2544,1458,2021-05-31,Web,False,yv10vgey
Duck Life 1,In Browser,100%,yd48w56ewk6e8oq2xqkj8z4l,ennopponetwelve,1458,2021-06-26,Web,False,z0r8k89z
Duck Life 1,In Browser,Any%,yd48w56ewk6e8oq221g8gnxl,Dnaky,1459,2021-01-20,Web,False,me984j9z
Duck Life 1,In Browser,Any%,yd48w56ewk6e8oq221g8gnxl,GoatMode,1462,2022-11-12,Web,False,z0l4kgjz
Duck Life 1,In Browser,Any%,yd48w56ewk6e8oq221g8gnxl,ADOPTMEPLAYER,1463,2023-09-24,Web,False,yvv34loy
Duck Life 1,In Browser,100%,yd48w56ewk6e8oq2xqkj8z4l,Fqceless,1464,2021-07-24,Web,False,y8e334wy
Duck Life 1,In Browser,Any%,yd48w56ewk6e8oq221g8gnxl,LolokoolGaming,1465,2021-01-11,Web,False,zn3dl6ly
Duck Life 1,In Browser,Any%,yd48w56ewk6e8oq221g8gnxl,InsErtNameHere46,1470,2021-04-12,Web,False,mr1jxo4z
Duck Life 1,In Browser,100%,yd48w56ewk6e8oq2xqkj8z4l,larryboiz9,1473,2022-07-08,Web,False,zq7ppjxm
Duck Life 1,In Browser,100%,yd48w56ewk6e8oq2xqkj8z4l,DoubleDuck,1475,2021-04-20,Web,False,z1r17nrm
Duck Life 1,In Browser,Any%,yd48w56ewk6e8oq221g8gnxl,RobotMania,1475,2021-10-20,Web,False,zgrjkovm
Duck Life 1,In Browser,Any%,yd48w56ewk6e8oq221g8gnxl,Calicious,1477,2022-12-09,Web,False,mkv4j7vy
Duck Life 1,In Browser,Any%,yd48w56ewk6e8oq221g8gnxl,legiawarszawa,1480,2021-03-28,Web,False,y42v0x3m
Duck Life 1,In Browser,Any%,yd48w56ewk6e8oq221g8gnxl,AFwqrZ18,1481,2024-07-11,Web,False,m7o99p9y
Duck Life 1,In Browser,Any%,yd48w56ewk6e8oq221g8gnxl,rqR6S,1482,2022-01-27,Web,False,y6noleqz
Duck Life 1,In Browser,Any%,yd48w56ewk6e8oq221g8gnxl,Saf-is_bad,1483,2021-01-19,Web,False,y66pp1jy
Duck Life 1,In Browser,Any%,yd48w56ewk6e8oq221g8gnxl,SpeedrunNerd,1483,2022-06-26,Web,False,yopx3p5m
Duck Life 1,In Browser,Any%,yd48w56ewk6e8oq221g8gnxl,DanaDumbass,1485,2021-02-13,Web,False,me9jo32z
Duck Life 1,In Browser,100%,yd48w56ewk6e8oq2xqkj8z4l,Mastermew2,1486,2024-01-16,Web,False,yoo561jy
Duck Life 1,In Browser,Any%,yd48w56ewk6e8oq221g8gnxl,Jklf125,1488,2022-04-03,Web,False,y60356jy
Duck Life 1,In Browser,Any%,yd48w56ewk6e8oq221g8gnxl,CorruptedNeptune,1489,2022-02-16,Web,False,mkepjr1m
Duck Life 1,In Browser,Any%,yd48w56ewk6e8oq221g8gnxl,mistysurge,1495,2021-01-03,Web,False,zn3le9ly
Duck Life 1,In Browser,100%,yd48w56ewk6e8oq2xqkj8z4l,CounterSole66,1497,2021-01-26,Web,False,me9oxg2z
Duck Life 1,In Browser,Any%,yd48w56ewk6e8oq221g8gnxl,not_zane,1497,2021-02-22,Web,False,zqg92jxm
Duck Life 1,In Browser,100%,yd48w56ewk6e8oq2xqkj8z4l,BADBANANA,1499,2023-07-09,Web,False,zx3nrokz
Duck Life 1,In Browser,100%,yd48w56ewk6e8oq2xqkj8z4l,Ultimaaa,1518,2021-01-16,Web,False,mk7476ly
Duck Life 1,In Browser,Any%,yd48w56ewk6e8oq221g8gnxl,mitchie,1521,2021-03-04,Web,False,yw0nqlpm
Duck Life 1,In Browser,Any%,yd48w56ewk6e8oq221g8gnxl,Creggaeton,1524,2021-01-08,Web,False,yv9w3wxz
Duck Life 1,In Browser,Any%,yd48w56ewk6e8oq221g8gnxl,Rycki,1532,2021-01-30,Web,False,zx6dkoez
Duck Life 1,In Browser,Any%,yd48w56ewk6e8oq221g8gnxl,timmy8710,1532,2021-02-03,Web,False,y666qlqy
Duck Life 1,In Browser,Any%,yd48w56ewk6e8oq221g8gnxl,thequickeking,1532,2022-02-18,Web,False,z0oq73ez
Duck Life 1,In Browser,Any%,yd48w56ewk6e8oq221g8gnxl,EliDaBaby,1539,2021-02-05,Web,False,z50r77ny
Duck Life 1,In Browser,Any%,yd48w56ewk6e8oq221g8gnxl,ThatKid55555,1542,2021-12-31,Web,False,zxldeqgz
Duck Life 1,In Browser,Any%,yd48w56ewk6e8oq221g8gnxl,TheGubster,1543,2021-01-03,Web,False,yv9k5roz
Duck Life 1,In Browser,Any%,yd48w56ewk6e8oq221g8gnxl,pd2580,1544,2020-12-28,Web,False,y4e04o3m
Duck Life 1,In Browser,Any%,yd48w56ewk6e8oq221g8gnxl,cyclo9000,1549,2021-01-28,Web,False,yj1lr5oy
Duck Life 1,In Browser,100%,yd48w56ewk6e8oq2xqkj8z4l,CambatX,1552,2022-02-28,Web,False,m7wlgkez
Duck Life 1,In Browser,Any%,yd48w56ewk6e8oq221g8gnxl,WiGuess,1570,2023-11-22,Web,False,yjwd4vnm
Duck Life 1,In Browser,100%,yd48w56ewk6e8oq2xqkj8z4l,lilac_fieldss,1571,2021-04-21,Web,False,ywqplx2y
Duck Life 1,In Browser,Any%,yd48w56ewk6e8oq221g8gnxl,WinterJackie,1572,2021-02-20,Web,False,mr4reg2z
Duck Life 1,In Browser,Any%,yd48w56ewk6e8oq221g8gnxl,abouda,1572,2024-09-14,Web,False,m7o014wy
Duck Life 1,In Browser,Any%,yd48w56ewk6e8oq221g8gnxl,TerraMoon,1573,2021-02-03,Web,False,zx66x9kz
Duck Life 1,In Browser,Any%,yd48w56ewk6e8oq221g8gnxl,DaintyManatee88,1573,2021-07-06,Web,False,y8dle51z
Duck Life 1,In Browser,Any%,yd48w56ewk6e8oq221g8gnxl,20k_gaming,1574,2021-01-02,Web,False,z094ppjz
Duck Life 1,In Browser,Any%,yd48w56ewk6e8oq221g8gnxl,RichLich,1575,2021-01-08,Web,False,m75r5gwz
Duck Life 1,In Browser,Any%,yd48w56ewk6e8oq221g8gnxl,Somebody,1585,2021-01-10,Web,False,m3gek2wz
Duck Life 1,In Browser,Any%,yd48w56ewk6e8oq221g8gnxl,alyaf3e,1591,2025-10-07,Web,False,y68p0d6z
Duck Life 1,In Browser,100%,yd48w56ewk6e8oq2xqkj8z4l,NinjaSquirrel,1594,2021-01-02,Web,False,zn3lpkvy
Duck Life 1,In Browser,100%,yd48w56ewk6e8oq2xqkj8z4l,BenedictFleur123,1595,2021-04-10,Web,False,y6d3depm
Duck Life 1,In Browser,Any%,yd48w56ewk6e8oq221g8gnxl,ultimategamertommy,1598,2023-06-23,Web,False,z1l274gm
Duck Life 1,In Browser,Any%,yd48w56ewk6e8oq221g8gnxl,GamingLizard9,1608,2021-01-27,Web,False,zqgwj61m
Duck Life 1,In Browser,Any%,yd48w56ewk6e8oq221g8gnxl,CoopDawg2424,1612,2025-09-07,Web,False,y6j1en1m
Duck Life 1,In Browser,Any%,yd48w56ewk6e8oq221g8gnxl,krentle,1614,2021-03-03,Web,False,mk7q8j1y
Duck Life 1,In Browser,Any%,yd48w56ewk6e8oq221g8gnxl,Maplewave,1614,2024-02-08,Web,False,yvvw28xy
Duck Life 1,In Browser,Any%,yd48w56ewk6e8oq221g8gnxl,mstarp1,1615,2021-01-21,Web,False,mr482jgz
Duck Life 1,In Browser,Any%,yd48w56ewk6e8oq221g8gnxl,OllieTheEpicGamer,1617,2021-02-07,Web,False,m3nr2ggy
Duck Life 1,In Browser,Any%,yd48w56ewk6e8oq221g8gnxl,MistyCat3838,1617,2023-11-12,Web,False,y4k8j9dm
Duck Life 1,In Browser,Any%,yd48w56ewk6e8oq221g8gnxl,klownsho,1622,2021-01-31,Web,False,y2vdpr5z
Duck Life 1,In Browser,Any%,yd48w56ewk6e8oq221g8gnxl,SuperMarioBros999,1622,2023-09-13,Web,False,y9k79gkz
Duck Life 1,In Browser,Any%,yd48w56ewk6e8oq221g8gnxl,ZEEUSS,1628,2024-04-19,Web,False,z19g5jrm
Duck Life 1,In Browser,Any%,yd48w56ewk6e8oq221g8gnxl,choopd,1636,2021-12-26,Web,False,mke3jn5m
Duck Life 1,In Browser,Any%,yd48w56ewk6e8oq221g8gnxl,AshTheMoon,1642,2021-01-11,Web,False,z53940ny
Duck Life 1,In Browser,Any%,yd48w56ewk6e8oq221g8gnxl,icydragongames,1644,2022-07-01,Web,False,y9vpnenm
Duck Life 1,In Browser,Any%,yd48w56ewk6e8oq221g8gnxl,DogDestiny,1645,2023-09-30,Web,False,mkq2j35m
Duck Life 1,In Browser,Any%,yd48w56ewk6e8oq221g8gnxl,TheAlmond,1647,2021-02-09,Web,False,y9n3n6rz
Duck Life 1,In Browser,Any%,yd48w56ewk6e8oq221g8gnxl,KOOLwhyles,1649,2021-01-02,Web,False,yv9k9p4z
Duck Life 1,In Browser,100%,yd48w56ewk6e8oq2xqkj8z4l,IHaveNoMoney,1650,2021-03-12,Web,False,y8vpklwz
Duck Life 1,In Browser,Any%,yd48w56ewk6e8oq221g8gnxl,FlareBlitz,1651,2021-08-17,Web,False,zxod4kqz
Duck Life 1,In Browser,Any%,yd48w56ewk6e8oq221g8gnxl,TheHEXX09,1652,2024-02-03,Web,False,yvvdr88y
Duck Life 1,In Browser,Any%,yd48w56ewk6e8oq221g8gnxl,Goldbrg,1653,2021-01-10,Web,False,zgv4exjz
Duck Life 1,In Browser,100%,yd48w56ewk6e8oq2xqkj8z4l,angrypig,1658,2021-01-14,Web,False,zp3n8exm
Duck Life 1,In Browser,100%,yd48w56ewk6e8oq2xqkj8z4l,DinoMax0112,1663,2021-01-11,Web,False,z18d2qgy
Duck Life 1,In Browser,Any%,yd48w56ewk6e8oq221g8gnxl,Air_plays,1668,2023-02-16,Web,False,zxn3d25m
Duck Life 1,In Browser,Any%,yd48w56ewk6e8oq221g8gnxl,PenguinCzar,1671,2023-01-24,Web,False,ydgw6lxy
Duck Life 1,In Browser,100%,yd48w56ewk6e8oq2xqkj8z4l,HaydenofEverything,1680,2021-01-25,Web,False,yd96p7wz
Duck Life 1,In Browser,Any%,yd48w56ewk6e8oq221g8gnxl,salabi,1688,2021-01-21,Web,False,yj14o4oy
Duck Life 1,In Browser,100%,yd48w56ewk6e8oq2xqkj8z4l,lissbackham,1693,2024-02-03,Web,False,yd27wkwm
Duck Life 1,In Browser,100%,yd48w56ewk6e8oq2xqkj8z4l,FlareBlitz,1701,2021-08-17,Web,False,yo632k7y
Duck Life 1,In Browser,100%,yd48w56ewk6e8oq2xqkj8z4l,swwozz,1709,2021-03-12,Web,False,yj199xgy
Duck Life 1,In Browser,Any%,yd48w56ewk6e8oq221g8gnxl,Coodlude,1711,2020-12-30,Web,False,y6rw2w1y
Duck Life 1,In Browser,Any%,yd48w56ewk6e8oq221g8gnxl,determination6,1713,2020-12-28,Web,False,zxdp435y
Duck Life 1,In Browser,Any%,yd48w56ewk6e8oq221g8gnxl,Jpro28,1716,2022-05-27,Web,False,yjppjjgy
Duck Life 1,In Browser,100%,yd48w56ewk6e8oq2xqkj8z4l,Querxes,1726,2020-12-30,Web,False,y4evge3m
Duck Life 1,In Browser,Any%,yd48w56ewk6e8oq221g8gnxl,CluckLad,1730,2021-01-20,Web,False,ylo4q7ky
Duck Life 1,In Browser,100%,yd48w56ewk6e8oq2xqkj8z4l,abc123connor,1730,2021-10-23,Web,False,m37wl9wz
Duck Life 1,In Browser,Any%,yd48w56ewk6e8oq221g8gnxl,papermonter18,1733,2021-01-03,Web,False,yo3gqjdy
Duck Life 1,In Browser,Any%,yd48w56ewk6e8oq221g8gnxl,CloseToAverage,1733,2021-03-24,Web,False,z506w9ey
Duck Life 1,In Browser,Any%,yd48w56ewk6e8oq221g8gnxl,dango124,1733,2022-05-02,Web,False,y60r5w0y
Duck Life 1,In Browser,100%,yd48w56ewk6e8oq2xqkj8z4l,be4n,1734,2021-09-25,Web,False,z1xqvk9m
Duck Life 1,In Browser,Any%,yd48w56ewk6e8oq221g8gnxl,PickledFairies,1739,2021-01-29,Web,False,mk7368xy
Duck Life 1,In Browser,Any%,yd48w56ewk6e8oq221g8gnxl,AcidBother,1744,2023-03-11,Web,False,y2jn1d5z
Duck Life 1,In Browser,Any%,yd48w56ewk6e8oq221g8gnxl,RubberNuggets,1746,2021-01-27,Web,False,z50jkkgy
Duck Life 1,In Browser,Any%,yd48w56ewk6e8oq221g8gnxl,realburntchicken,1754,2021-01-07,Web,False,m3gpegwz
Duck Life 1,In Browser,Any%,yd48w56ewk6e8oq221g8gnxl,SillyKitten39,1764,2023-03-04,Web,False,y4gl3xqy
Duck Life 1,In Browser,Any%,yd48w56ewk6e8oq221g8gnxl,ThisWasteOfSpace,1765,2021-03-03,Web,False,m7835g4z
Duck Life 1,In Browser,Any%,yd48w56ewk6e8oq221g8gnxl,Jacwind,1767,2021-02-04,Web,False,yv22pnom
Duck Life 1,In Browser,Any%,yd48w56ewk6e8oq221g8gnxl,Kingmtggamer,1767,2021-02-03,Web,False,yv22vgxm
Duck Life 1,In Browser,Any%,yd48w56ewk6e8oq221g8gnxl,Animationreview,1773,2021-02-24,Web,False,me9e7j2z
Duck Life 1,In Browser,Any%,yd48w56ewk6e8oq221g8gnxl,BadSpeedrunner731,1784,2025-01-26,Web,False,ylpejvnm
Duck Life 1,In Browser,Any%,yd48w56ewk6e8oq221g8gnxl,Querxes,1787,2020-12-28,Web,False,ywd558pz
Duck Life 1,In Browser,Any%,yd48w56ewk6e8oq221g8gnxl,Treefire33,1792,2021-01-03,Web,False,ylvwjgkm
Duck Life 1,In Browser,Any%,yd48w56ewk6e8oq221g8gnxl,DotGov,1796,2022-06-02,Web,False,z0pl369y
Duck Life 1,In Browser,100%,yd48w56ewk6e8oq2xqkj8z4l,Kawargo,1797,2021-02-07,Web,False,zqg15d5m
Duck Life 1,In Browser,Any%,yd48w56ewk6e8oq221g8gnxl,TurkeyGobble10,1804,2021-05-27,Web,False,ydrdv7xz
Duck Life 1,In Browser,100%,yd48w56ewk6e8oq2xqkj8z4l,rqR6S,1804,2022-01-26,Web,False,m36xpjwm
Duck Life 1,In Browser,Any%,yd48w56ewk6e8oq221g8gnxl,Samw1tch,1805,2022-05-03,Web,False,y88rxqxy
Duck Life 1,In Browser,Any%,yd48w56ewk6e8oq221g8gnxl,skeletonbones22,1805,2026-02-11,Web,False,ydo7kowz
Duck Life 1,In Browser,Any%,yd48w56ewk6e8oq221g8gnxl,Ultimaaa,1806,2021-01-16,Web,False,yo94kx0y
Duck Life 1,In Browser,Any%,yd48w56ewk6e8oq221g8gnxl,Martinc,1807,2021-02-19,Web,False,yw035d2m
Duck Life 1,In Browser,Any%,yd48w56ewk6e8oq221g8gnxl,Lightning_Bike,1810,2023-05-22,Web,False,m70gdley
Duck Life 1,In Browser,Any%,yd48w56ewk6e8oq221g8gnxl,PlatypusSoup,1817,2020-12-28,Web,False,zplv4qnm
Duck Life 1,In Browser,Any%,yd48w56ewk6e8oq221g8gnxl,ShrekedBoi,1821,2021-02-25,Web,False,ylonx2xy
Duck Life 1,In Browser,Any%,yd48w56ewk6e8oq221g8gnxl,devinswright,1823,2021-01-05,Web,False,zq4lvlrm
Duck Life 1,In Browser,Any%,yd48w56ewk6e8oq221g8gnxl,FreakByrd,1826,2025-12-06,Web,False,y68x9v1z
Duck Life 1,In Browser,Any%,yd48w56ewk6e8oq221g8gnxl,thebigbeefis,1830,2021-01-03,Web,False,me65glqz
Duck Life 1,In Browser,Any%,yd48w56ewk6e8oq221g8gnxl,tuttie0709,1846,2023-11-23,Web,False,y8kxrnxy
Duck Life 1,In Browser,100%,yd48w56ewk6e8oq2xqkj8z4l,Shoeless_,1855,2022-12-05,Web,False,yln9np3z
Duck Life 1,In Browser,Any%,yd48w56ewk6e8oq221g8gnxl,Sniggs98,1860,2021-02-07,Web,False,zqg1jg8m
Duck Life 1,In Browser,100%,yd48w56ewk6e8oq2xqkj8z4l,Epic_46,1866,2021-01-15,Web,False,me9v5l2z
Duck Life 1,In Browser,Any%,yd48w56ewk6e8oq221g8gnxl,Smoovfn,1876,2020-09-27,Web,False,y91558rm
Duck Life 1,In Browser,Any%,yd48w56ewk6e8oq221g8gnxl,bananagrams718,1883,2023-03-13,Web,False,y80o60dm
Duck Life 1,In Browser,100%,yd48w56ewk6e8oq2xqkj8z4l,jack_dawlia,1884,2024-02-02,Web,False,zppj2pnz
Duck Life 1,In Browser,100%,yd48w56ewk6e8oq2xqkj8z4l,DatSpeedyDoge,1891,2022-02-08,Web,False,z0oxpw4z
Duck Life 1,In Browser,Any%,yd48w56ewk6e8oq221g8gnxl,soupedsoup,1907,2020-12-27,Web,False,z1o7verm
Duck Life 1,In Browser,Any%,yd48w56ewk6e8oq221g8gnxl,Shadowclone,1908,2022-02-04,Web,False,mr6l2e7m
Duck Life 1,In Browser,Any%,yd48w56ewk6e8oq221g8gnxl,BaldWatermelon,1908,2024-11-20,Web,False,ywxl4p3m
Duck Life 1,In Browser,Any%,yd48w56ewk6e8oq221g8gnxl,SillyKid,1912,2021-02-09,Web,False,y2v779wz
Duck Life 1,In Browser,Any%,yd48w56ewk6e8oq221g8gnxl,ablader22,1918,2021-01-03,Web,False,zgv0jl0z
Duck Life 1,In Browser,Any%,yd48w56ewk6e8oq221g8gnxl,MrSanderz,1920,2021-01-27,Web,False,z1852k9y
Duck Life 1,In Browser,Any%,yd48w56ewk6e8oq221g8gnxl,Sorry_Buckaroo,1923,2024-12-21,Web,False,y6gl08jm
Duck Life 1,In Browser,100%,yd48w56ewk6e8oq2xqkj8z4l,Chris_Tulmeth,1934,2022-07-27,Web,False,m33elk6m
Duck Life 1,In Browser,Any%,yd48w56ewk6e8oq221g8gnxl,Flappyfish223,1942,2021-01-18,Web,False,y9n7pwvz
Duck Life 1,In Browser,100%,yd48w56ewk6e8oq2xqkj8z4l,its_grav,1962,2021-01-02,Web,False,y8r4exnm
Duck Life 1,In Browser,Any%,yd48w56ewk6e8oq221g8gnxl,NamerB311,1965,2021-01-22,Web,False,zgx71rjm
Duck Life 1,In Browser,Any%,yd48w56ewk6e8oq221g8gnxl,wookis,1967,2021-03-31,Web,False,yo9g0g7y
Duck Life 1,In Browser,Any%,yd48w56ewk6e8oq221g8gnxl,jayjusits,1972,2021-02-23,Web,False,yv28g8em
Duck Life 1,In Browser,Any%,yd48w56ewk6e8oq221g8gnxl,JamyDodger619,1976,2021-01-09,Web,False,zpl7xkrm
Duck Life 1,In Browser,Any%,yd48w56ewk6e8oq221g8gnxl,pinguforthewii,1987,2021-01-19,Web,False,z0631w8z
Duck Life 1,In Browser,Any%,yd48w56ewk6e8oq221g8gnxl,Briand2010,1996,2024-02-10,Web,False,zqdx835m
Duck Life 1,In Browser,Any%,yd48w56ewk6e8oq221g8gnxl,SchwarzSSB,2004,2021-01-12,Web,False,yj1jlpgy
Duck Life 1,In Browser,Any%,yd48w56ewk6e8oq221g8gnxl,ComradeCreeper,2005,2022-09-20,Web,False,zq9j17ry
Duck Life 1,In Browser,Any%,yd48w56ewk6e8oq221g8gnxl,YeetifiedYT,2006,2021-01-13,Web,False,znow7e8y
Duck Life 1,In Browser,Any%,yd48w56ewk6e8oq221g8gnxl,PersonTheHuman,2012,2021-01-17,Web,False,zp3qg5gm
Duck Life 1,In Browser,Any%,yd48w56ewk6e8oq221g8gnxl,Vortex_Raid,2018,2021-01-22,Web,False,y2vqn35z
Duck Life 1,In Browser,100%,yd48w56ewk6e8oq2xqkj8z4l,BerryBoat,2034,2020-12-29,Web,False,m3g858dz
Duck Life 1,In Browser,100%,yd48w56ewk6e8oq2xqkj8z4l,ljbirk6,2039,2022-07-23,Web,False,y887891y
Duck Life 1,In Browser,Any%,yd48w56ewk6e8oq221g8gnxl,notknowanything,2041,2021-02-03,Web,False,z066x0ez
Duck Life 1,In Browser,Any%,yd48w56ewk6e8oq221g8gnxl,marshmalloow,2042,2020-12-25,Web,False,ywd5j70z
Duck Life 1,In Browser,Any%,yd48w56ewk6e8oq221g8gnxl,WhiteS_,2061,2021-02-08,Web,False,zqg1o79m
Duck Life 1,In Browser,Any%,yd48w56ewk6e8oq221g8gnxl,Dragsling,2076,2021-01-11,Web,False,mr9334dm
Duck Life 1,In Browser,Any%,yd48w56ewk6e8oq221g8gnxl,Legonator06,2092,2021-02-22,Web,False,yv20nnom
Duck Life 1,In Browser,Any%,yd48w56ewk6e8oq221g8gnxl,SlimeGuy914,2097,2021-04-04,Web,False,ylo8jx2y
Duck Life 1,In Browser,100%,yd48w56ewk6e8oq2xqkj8z4l,TheAlmond,2097,2021-09-04,Web,False,ywkj19py
Duck Life 1,In Browser,Any%,yd48w56ewk6e8oq221g8gnxl,thatboi_og123,2108,2021-01-16,Web,False,zp3qrnnm
Duck Life 1,In Browser,Any%,yd48w56ewk6e8oq221g8gnxl,kkreddit,2109,2021-01-01,Web,False,y8rl57wm
Duck Life 1,In Browser,Any%,yd48w56ewk6e8oq221g8gnxl,Elway98,2109,2021-01-21,Web,False,yw0pvenm
Duck Life 1,In Browser,Any%,yd48w56ewk6e8oq221g8gnxl,kidu,2113,2021-02-22,Web,False,y66xv5jy
Duck Life 1,In Browser,100%,yd48w56ewk6e8oq2xqkj8z4l,skwago,2114,2021-10-25,Web,False,y93p48vy
Duck Life 1,In Browser,Any%,yd48w56ewk6e8oq221g8gnxl,ItsMike21,2118,2020-12-26,Web,False,m3g2kxgz
Duck Life 1,In Browser,Any%,yd48w56ewk6e8oq221g8gnxl,thickboi,2118,2020-12-27,Web,False,zgv91ljz
Duck Life 1,In Browser,Any%,yd48w56ewk6e8oq221g8gnxl,bday3bozag,2127,2024-04-14,Web,False,zn2p089z
Duck Life 1,In Browser,Any%,yd48w56ewk6e8oq221g8gnxl,CR_crazy,2133,2021-03-09,Web,False,yv2led8m
Duck Life 1,In Browser,Any%,yd48w56ewk6e8oq221g8gnxl,McBoiMallyYT,2141,2021-02-23,Web,False,yv28g38m
Duck Life 1,In Browser,Any%,yd48w56ewk6e8oq221g8gnxl,imlost343,2146,2022-05-10,Web,False,me39l6qz
Duck Life 1,In Browser,Any%,yd48w56ewk6e8oq221g8gnxl,TheEndDragon,2151,2020-12-27,Web,False,zgv96wdz
Duck Life 1,In Browser,Any%,yd48w56ewk6e8oq221g8gnxl,PauLULW,2155,2020-12-27,Web,False,y91wdj2m
Duck Life 1,In Browser,Any%,yd48w56ewk6e8oq221g8gnxl,OwenRumans,2172,2021-04-04,Web,False,ylo85nxy
Duck Life 1,In Browser,Any%,yd48w56ewk6e8oq221g8gnxl,PremiumXro,2191,2023-06-25,Web,False,yl670vky
Duck Life 1,In Browser,100%,yd48w56ewk6e8oq2xqkj8z4l,AtTheSoupStore,2208,2021-01-02,Web,False,yv9k25oz
Duck Life 1,In Browser,Any%,yd48w56ewk6e8oq221g8gnxl,Krystal_Shade,2222,2021-01-29,Web,False,mr4kw18z
Duck Life 1,In Browser,Any%,yd48w56ewk6e8oq221g8gnxl,masonmastervids,2226,2021-02-05,Web,False,yj1g86ny
Duck Life 1,In Browser,Any%,yd48w56ewk6e8oq221g8gnxl,Grondin_07,2235,2020-12-30,Web,False,yj6rwkgz
Duck Life 1,In Browser,Any%,yd48w56ewk6e8oq221g8gnxl,ChristianWiese,2241,2021-01-12,Web,False,y9nonnnz
Duck Life 1,In Browser,Any%,yd48w56ewk6e8oq221g8gnxl,NoOneLikesCali,2253,2021-01-11,Web,False,zn3d5x9y
Duck Life 1,In Browser,Any%,yd48w56ewk6e8oq221g8gnxl,KotoKomiya,2257,2021-01-13,Web,False,zqgked5m
Duck Life 1,In Browser,Any%,yd48w56ewk6e8oq221g8gnxl,Lawnboi,2270,2021-01-08,Web,False,zpl7lqnm
Duck Life 1,In Browser,Any%,yd48w56ewk6e8oq221g8gnxl,sliperYT,2309,2021-01-16,Web,False,y2v3576z
Duck Life 1,In Browser,Any%,yd48w56ewk6e8oq221g8gnxl,AgentSwawn,2314,2021-02-15,Web,False,zp32jvgm
Duck Life 1,In Browser,100%,yd48w56ewk6e8oq2xqkj8z4l,BananaMan3000,2337,2023-06-25,Web,False,yvpr60oy
Duck Life 1,In Browser,Any%,yd48w56ewk6e8oq221g8gnxl,vampireslayersrscary,2340,2023-06-16,Web,False,ydjed0qy
Duck Life 1,In Browser,Any%,yd48w56ewk6e8oq221g8gnxl,MoonKnight_Pies,2352,2024-09-25,Web,False,mrx2wgdm
Duck Life 1,In Browser,Any%,yd48w56ewk6e8oq221g8gnxl,ILikeBloons,2437,2021-04-01,Web,False,y9nq4wrz
Duck Life 1,In Browser,Any%,yd48w56ewk6e8oq221g8gnxl,Snxper,2438,2021-01-07,Web,False,zxd1ev8y
Duck Life 1,In Browser,Any%,yd48w56ewk6e8oq221g8gnxl,rynblueproducion14,2442,2021-02-26,Web,False,znovw53y
Duck Life 1,In Browser,100%,yd48w56ewk6e8oq2xqkj8z4l,melonsaid,2442,2022-12-18,Web,False,zxnkkvgm
Duck Life 1,In Browser,Any%,yd48w56ewk6e8oq221g8gnxl,Suraimu,2452,2021-02-02,Web,False,z188xp9y
Duck Life 1,In Browser,Any%,yd48w56ewk6e8oq221g8gnxl,Waggsworld5,2457,2021-02-13,Web,False,me9j4e0z
Duck Life 1,In Browser,100%,yd48w56ewk6e8oq2xqkj8z4l,Tithedarkelf,2464,2021-02-10,Web,False,m787624z
Duck Life 1,In Browser,Any%,yd48w56ewk6e8oq221g8gnxl,colpyc14,2469,2021-02-10,Web,False,z18xp7wy
Duck Life 1,In Browser,100%,yd48w56ewk6e8oq2xqkj8z4l,joemama2,2476,2021-05-27,Web,False,yjgpop3y
Duck Life 1,In Browser,Any%,yd48w56ewk6e8oq221g8gnxl,KlaytonThomasYT,2480,2021-01-21,Web,False,yv2j8wom
Duck Life 1,In Browser,100%,yd48w56ewk6e8oq2xqkj8z4l,Duckypro986,2485,2023-11-04,Web,False,ywnkwx9y
Duck Life 1,In Browser,100%,yd48w56ewk6e8oq2xqkj8z4l,sheepd,2512,2022-10-09,Web,False,y6xej91y
Duck Life 1,In Browser,Any%,yd48w56ewk6e8oq221g8gnxl,Indian_gamer2005,2620,2021-08-15,Web,False,y93068vy
Duck Life 1,In Browser,100%,yd48w56ewk6e8oq2xqkj8z4l,AstralToad,2643,2021-03-11,Web,False,y2vw08wz
Duck Life 1,In Browser,Any%,yd48w56ewk6e8oq221g8gnxl,JavaCyber,2655,2021-01-13,Web,False,yj1jdjoy
Duck Life 1,In Browser,Any%,yd48w56ewk6e8oq221g8gnxl,CalamitousEssence,2672,2021-05-31,Web,False,z1rgkorm
Duck Life 1,In Browser,Any%,yd48w56ewk6e8oq221g8gnxl,WestteamStrikers,2683,2026-04-30,Web,False,y8l6n4nm
Duck Life 1,In Browser,Any%,yd48w56ewk6e8oq221g8gnxl,klarkmuchisgood,2759,2021-02-13,Web,False,yw0j4x9m
Duck Life 1,In Browser,Any%,yd48w56ewk6e8oq221g8gnxl,ducks4life,2762,2023-07-25,Web,False,zx3xg8ez
Duck Life 1,In Browser,Any%,yd48w56ewk6e8oq221g8gnxl,Idontthinkgreat,2898,2022-12-06,Web,False,yj8kwo7m
Duck Life 1,In Browser,Any%,yd48w56ewk6e8oq221g8gnxl,Yakieboncookie,2899,2020-12-31,Web,False,mk8xwlvm
Duck Life 1,In Browser,Any%,yd48w56ewk6e8oq221g8gnxl,IWillLiterally,2946,2020-12-29,Web,False,yo38k9jy
Duck Life 1,In Browser,100%,yd48w56ewk6e8oq2xqkj8z4l,boiwithadoge,3010,2021-01-10,Web,False,z09vdgez
Duck Life 1,In Browser,Any%,yd48w56ewk6e8oq221g8gnxl,Jerryismynameorisit,3102,2023-06-21,Web,False,yvpqrp4y
Duck Life 1,In Browser,100%,yd48w56ewk6e8oq2xqkj8z4l,LenBen12345,3307,2021-01-13,Web,False,z06wp3oz
Duck Life 1,In Browser,Any%,yd48w56ewk6e8oq221g8gnxl,BatidudeEX,3513,2021-02-04,Web,False,y2vv626z
Duck Life 1,In Browser,Any%,yd48w56ewk6e8oq221g8gnxl,Distecus,3600,2021-02-07,Web,False,mk7gwpvy
Duck Life 1,In Browser,Any%,yd48w56ewk6e8oq221g8gnxl,NightCooky,3660,2022-09-10,Web,False,y6xxn80y
Duck Life 2,No Major Glitches,Any%,369530dlwdm4jzodxqk9rm91,Creepiumgamer,1107,2024-07-11,Flash,False,znx84ply
Duck Life 2,No Major Glitches,Any%,369530dlwdm4jzodxqk9rm91,Sabi2798,1113,2024-07-10,Flash,False,y9dor1nm
Duck Life 2,No Major Glitches,Any%,369530dlwdm4jzodxqk9rm91,Caarda,1115,2026-06-11,Flash,False,ywo76n3m
Duck Life 2,No Major Glitches,Any%,369530dlwdm4jzodxqk9rm91,shmorgus,1124,2024-07-09,Flash,False,znxwx69y
Duck Life 2,No Major Glitches,Any%,369530dlwdm4jzodxqk9rm91,ennopponetwelve,1137,2019-06-20,Flash,False,yw4pwl3z
Duck Life 2,No Major Glitches,Any%,369530dlwdm4jzodxqk9rm91,Cheggjon,1152,2019-02-04,Flash,False,zn49497m
Duck Life 2,No Major Glitches,Any%,369530dlwdm4jzodxqk9rm91,CosmoCat,1153,2019-01-09,Flash,False,y89w1p1m
Duck Life 2,No Major Glitches,Any%,369530dlwdm4jzodxqk9rm91,Nicko893,1168,2019-07-23,Flash,False,zgkvr7vy
Duck Life 2,No Major Glitches,Any%,369530dlwdm4jzodxqk9rm91,Fqceless,1172,2019-02-03,Flash,False,zp0kqdgm
Duck Life 2,No Major Glitches,Any%,369530dlwdm4jzodxqk9rm91,ILikeBaguette25,1177,2026-03-25,Flash,False,m38rxewy
Duck Life 2,No Major Glitches,Any%,369530dlwdm4jzodxqk9rm91,TheGlitched64,1185,2017-09-18,Flash,False,mrqnd84y
Duck Life 2,No Major Glitches,Any%,369530dlwdm4jzodxqk9rm91,piplup17,1185,2024-03-09,Flash,False,yjolq5dz
Duck Life 2,No Major Glitches,Any%,369530dlwdm4jzodxqk9rm91,Joeeigel,1187,2017-09-06,Flash,False,y457ejkm
Duck Life 2,No Major Glitches,Any%,369530dlwdm4jzodxqk9rm91,lTurtlesl,1193,2019-06-01,Flash,False,zxkvd8em
Duck Life 2,No Major Glitches,Any%,369530dlwdm4jzodxqk9rm91,Psylaris,1196,2021-08-15,Flash,False,zn0k2o9y
Duck Life 2,No Major Glitches,Any%,369530dlwdm4jzodxqk9rm91,Marceline,1199,2022-07-01,Flash,False,z0p863ey
Duck Life 2,No Major Glitches,Any%,369530dlwdm4jzodxqk9rm91,Gabriel.Hartman,1201,2016-12-09,Flash,False,wzp5n48y
Duck Life 2,No Major Glitches,Any%,369530dlwdm4jzodxqk9rm91,thecooldog123,1210,2021-08-10,Flash,False,m77qo59m
Duck Life 2,No Major Glitches,Any%,369530dlwdm4jzodxqk9rm91,SaveThePenguinzzz,1217,2021-08-10,Flash,False,mk52qpvm
Duck Life 2,No Major Glitches,Any%,369530dlwdm4jzodxqk9rm91,ILikeBloons,1218,2021-04-02,Flash,False,yd9708xz
Duck Life 2,No Major Glitches,Any%,369530dlwdm4jzodxqk9rm91,snivy,1224,2021-02-01,Flash,False,z188359y
Duck Life 2,No Major Glitches,Any%,369530dlwdm4jzodxqk9rm91,NinjaSquirrel,1231,2021-04-01,Flash,False,me95q43z
Duck Life 2,No Major Glitches,Any%,369530dlwdm4jzodxqk9rm91,ZoomingArrow,1235,2018-08-15,Flash,False,z11o63wz
Duck Life 2,No Major Glitches,Any%,369530dlwdm4jzodxqk9rm91,SpeedrunNerd,1244,2022-07-06,Flash,False,y2p8707z
Duck Life 2,No Major Glitches,Any%,369530dlwdm4jzodxqk9rm91,Chuf,1245,2024-06-20,Flash,False,mew5e43m
Duck Life 2,No Major Glitches,Any%,369530dlwdm4jzodxqk9rm91,Regia,1247,2019-02-04,Flash,False,z11v10wz
Duck Life 2,No Major Glitches,Any%,369530dlwdm4jzodxqk9rm91,schefey,1253,2018-06-26,Flash,False,yj44lpdy
Duck Life 2,No Major Glitches,Any%,369530dlwdm4jzodxqk9rm91,Rhino97,1295,2021-01-12,Flash,False,yj1j4ody
Duck Life 2,No Major Glitches,Any%,369530dlwdm4jzodxqk9rm91,LasagnaVoid,1315,2021-01-24,Flash,False,y9n53vvz
Duck Life 2,No Major Glitches,Any%,369530dlwdm4jzodxqk9rm91,Yoshikiller109,1364,2021-02-04,Flash,False,y2vv8pwz
Duck Life 2,No Major Glitches,All Level Upgrades,369530dlwdm4jzodgq79nrnl,Sabi2798,1406,2026-05-15,Flash,False,yo8xrodz
Duck Life 2,No Major Glitches,All Level Upgrades,369530dlwdm4jzodgq79nrnl,Caarda,1408,2023-12-06,Flash,False,z1kld19y
Duck Life 2,No Major Glitches,All Level Upgrades,369530dlwdm4jzodgq79nrnl,Creepiumgamer,1410,2026-04-01,Flash,False,zg1roo0z
Duck Life 2,No Major Glitches,Any%,369530dlwdm4jzodxqk9rm91,cheavus,1420,2021-01-13,Flash,False,y2v9j26z
Duck Life 2,No Major Glitches,Any%,369530dlwdm4jzodxqk9rm91,SirLampsaLot,1457,2023-01-13,Flash,False,mro1n97m
Duck Life 2,No Major Glitches,All Level Upgrades,369530dlwdm4jzodgq79nrnl,Cheggjon,1458,2020-05-16,Flash,False,y9095lry
Duck Life 2,No Major Glitches,All Level Upgrades,369530dlwdm4jzodgq79nrnl,ennopponetwelve,1469,2020-05-08,Flash,False,mrk933dy
Duck Life 2,No Major Glitches,Any%,369530dlwdm4jzodxqk9rm91,ICantClutch,1475,2021-01-13,Flash,False,z06wp6jz
Duck Life 2,No Major Glitches,Any%,369530dlwdm4jzodxqk9rm91,SchwarzSSB,1486,2021-01-15,Flash,False,yv24wqom
Duck Life 2,No Major Glitches,Any%,369530dlwdm4jzodxqk9rm91,Matt4132,1488,2018-10-20,Flash,False,y92v09rz
Duck Life 2,No Major Glitches,All Level Upgrades,369530dlwdm4jzodgq79nrnl,piplup17,1497,2024-03-11,Flash,False,mkp76vxy
Duck Life 2,No Major Glitches,Any%,369530dlwdm4jzodxqk9rm91,InsErtNameHere46,1506,2021-04-12,Flash,False,m3r9j1dm
Duck Life 2,No Major Glitches,Any%,369530dlwdm4jzodxqk9rm91,dtsayshi,1508,2021-07-17,Flash,False,ydr7onxz
Duck Life 2,No Major Glitches,Any%,369530dlwdm4jzodxqk9rm91,Aspen71,1510,2021-09-11,Flash,False,mrn7137y
Duck Life 2,No Major Glitches,All Level Upgrades,369530dlwdm4jzodgq79nrnl,ILikeBaguette25,1511,2026-03-28,Flash,False,z5nrn3gz
Duck Life 2,No Major Glitches,Any%,369530dlwdm4jzodxqk9rm91,AdsMakat,1530,2021-11-04,Flash,False,y698qx0y
Duck Life 2,No Major Glitches,All Level Upgrades,369530dlwdm4jzodgq79nrnl,TheGlitched64,1531,2017-09-10,Flash,False,yvgoq66y
Duck Life 2,No Major Glitches,All Level Upgrades,369530dlwdm4jzodgq79nrnl,Joeeigel,1535,2017-09-10,Flash,False,m797690y
Duck Life 2,No Major Glitches,Any%,369530dlwdm4jzodxqk9rm91,turtpet,1539,2020-12-31,Flash,False,m75jejwz
Duck Life 2,No Major Glitches,All Level Upgrades,369530dlwdm4jzodgq79nrnl,Getarez,1545,2026-06-12,Flash,False,y9gro5em
Duck Life 2,No Major Glitches,Any%,369530dlwdm4jzodxqk9rm91,goblin_boi_,1550,2021-05-03,Flash,False,y6drvdqm
Duck Life 2,No Major Glitches,Any%,369530dlwdm4jzodxqk9rm91,synf,1552,2021-01-10,Flash,False,z5392rdy
Duck Life 2,No Major Glitches,Any%,369530dlwdm4jzodxqk9rm91,Cornbread121,1553,2023-05-12,Flash,False,z0j34ley
Duck Life 2,No Major Glitches,Any%,369530dlwdm4jzodxqk9rm91,OutrageousJosh,1554,2015-09-06,Flash,False,kz50g85y
Duck Life 2,No Major Glitches,Any%,369530dlwdm4jzodxqk9rm91,KingLavaCactus,1557,2021-01-30,Flash,False,y2vdq75z
Duck Life 2,No Major Glitches,Any%,369530dlwdm4jzodxqk9rm91,goofy358,1560,2015-08-01,Flash,False,1zxdp4ky
Duck Life 2,No Major Glitches,Any%,369530dlwdm4jzodxqk9rm91,xoTrent,1564,2021-01-10,Flash,False,zq4xp01m
Duck Life 2,No Major Glitches,All Level Upgrades,369530dlwdm4jzodgq79nrnl,Fqceless,1566,2017-09-09,Flash,False,yvgoqooy
Duck Life 2,No Major Glitches,Any%,369530dlwdm4jzodxqk9rm91,TheGamerNEWB,1570,2021-01-14,Flash,False,m3n9k5gy
Duck Life 2,No Major Glitches,Any%,369530dlwdm4jzodxqk9rm91,MARTiAN88,1577,2021-01-22,Flash,False,y423pvkm
Duck Life 2,No Major Glitches,Any%,369530dlwdm4jzodxqk9rm91,ilive4airtime,1588,2021-01-17,Flash,False,y2v3p0wz
Duck Life 2,No Major Glitches,Any%,369530dlwdm4jzodxqk9rm91,OakDoor,1595,2026-02-23,Flash,False,medk6d9y
Duck Life 2,No Major Glitches,Any%,369530dlwdm4jzodxqk9rm91,Greentux,1604,2021-01-11,Flash,False,z1ow0qwm
Duck Life 2,No Major Glitches,Any%,369530dlwdm4jzodxqk9rm91,Xzap77,1607,2026-05-08,Flash,False,ywogq23m
Duck Life 2,No Major Glitches,All Level Upgrades,369530dlwdm4jzodgq79nrnl,NinjaSquirrel,1621,2021-04-01,Flash,False,y4244k3m
Duck Life 2,No Major Glitches,All Level Upgrades,369530dlwdm4jzodgq79nrnl,rothegreat,1625,2020-12-31,Flash,False,z53nndny
Duck Life 2,No Major Glitches,Any%,369530dlwdm4jzodxqk9rm91,TwentyThree,1630,2021-01-11,Flash,False,yd0kxdvz
Duck Life 2,No Major Glitches,Any%,369530dlwdm4jzodxqk9rm91,Eighty_Bity,1656,2021-09-13,Flash,False,y690jq1y
Duck Life 2,No Major Glitches,Any%,369530dlwdm4jzodxqk9rm91,Juggzy,1658,2021-01-13,Flash,False,zp3n40rm
Duck Life 2,No Major Glitches,Any%,369530dlwdm4jzodxqk9rm91,EndyPrince,1673,2016-12-13,Flash,False,oy2r1ojm
Duck Life 2,No Major Glitches,All Level Upgrades,369530dlwdm4jzodgq79nrnl,meepoman1,1676,2021-07-18,Flash,False,m3rp486m
Duck Life 2,No Major Glitches,Any%,369530dlwdm4jzodxqk9rm91,SabiAndMax,1700,2021-02-13,Flash,False,m78w77ez
Duck Life 2,No Major Glitches,Any%,369530dlwdm4jzodxqk9rm91,Peejy,1701,2021-02-02,Flash,False,y8vvvgxz
Duck Life 2,No Major Glitches,Any%,369530dlwdm4jzodxqk9rm91,BaldWatermelon,1711,2020-12-26,Flash,False,z536w7gy
Duck Life 2,No Major Glitches,Any%,369530dlwdm4jzodxqk9rm91,MangoTurtle1312,1720,2021-01-10,Flash,False,z539x2ey
Duck Life 2,No Major Glitches,Any%,369530dlwdm4jzodxqk9rm91,Shenegade,1727,2022-01-15,Flash,False,y6nn00pz
Duck Life 2,No Major Glitches,Any%,369530dlwdm4jzodxqk9rm91,SourSw1ftYT,1729,2021-01-25,Flash,False,m3n12ngy
Duck Life 2,No Major Glitches,Any%,369530dlwdm4jzodxqk9rm91,AnnoyingFishe,1742,2021-01-11,Flash,False,yd0kk5wz
Duck Life 2,No Major Glitches,Any%,369530dlwdm4jzodxqk9rm91,Neonek1232,1801,2021-01-09,Flash,False,zn3d308y
Duck Life 2,No Major Glitches,Any%,369530dlwdm4jzodxqk9rm91,Slasks,1803,2021-11-09,Flash,False,yo68dejy
Duck Life 2,No Major Glitches,All Level Upgrades,369530dlwdm4jzodgq79nrnl,snivy,1841,2021-08-01,Flash,False,me4kp28y
Duck Life 2,No Major Glitches,Any%,369530dlwdm4jzodxqk9rm91,BloodyNoah,1856,2021-01-08,Flash,False,y8r5q6dm
Duck Life 2,No Major Glitches,Any%,369530dlwdm4jzodxqk9rm91,Breakfast_Enjoyer,1903,2020-05-26,Flash,False,ylkrdpnz
Duck Life 2,No Major Glitches,Any%,369530dlwdm4jzodxqk9rm91,TRLittleToaster,1961,2021-01-27,Flash,False,y9n0vqrz
Duck Life 2,No Major Glitches,All Level Upgrades,369530dlwdm4jzodgq79nrnl,Xzap77,1971,2025-09-22,Flash,False,zp5n95ny
Duck Life 2,No Major Glitches,Any%,369530dlwdm4jzodxqk9rm91,rileygotpb,2004,2015-06-16,Flash,False,pm352w4y
Duck Life 2,No Major Glitches,All Level Upgrades,369530dlwdm4jzodgq79nrnl,drwillg1,2058,2019-08-09,Flash,False,yoj70kjm
Duck Life 2,No Major Glitches,Any%,369530dlwdm4jzodxqk9rm91,greatovospeedrunner,2092,2020-08-02,Flash,False,mk3ww1lz
Duck Life 2,No Major Glitches,All Level Upgrades,369530dlwdm4jzodgq79nrnl,Beamer33,2189,2021-04-13,Flash,False,ylq3g83z
Duck Life 2,No Major Glitches,Any%,369530dlwdm4jzodxqk9rm91,WindowsIcon,2243,2016-05-08,Flash,False,pm3ll7dm
Duck Life 2,No Major Glitches,Any%,369530dlwdm4jzodxqk9rm91,b0ss.onion,2258,2015-06-13,Flash,False,oy25845y
Duck Life 2,No Major Glitches,Any%,369530dlwdm4jzodxqk9rm91,Yoshi12345,2357,2021-02-28,Flash,False,yv2p07xm
Duck Life 2,No Major Glitches,Any%,369530dlwdm4jzodxqk9rm91,Phantastic,2367,2020-12-28,Flash,False,zn368nvy
Duck Life 2,No Major Glitches,Any%,369530dlwdm4jzodxqk9rm91,McMakoShark,2375,2020-12-21,Flash,False,z53weony
Duck Life 2,No Major Glitches,Any%,369530dlwdm4jzodxqk9rm91,mikaelakerfeldt,2381,2020-12-26,Flash,False,yo35r35y
Duck Life 2,No Major Glitches,Any%,369530dlwdm4jzodxqk9rm91,SheenSimpson,2384,2018-05-22,Flash,False,y6p33qqm
Duck Life 2,No Major Glitches,All Level Upgrades,369530dlwdm4jzodgq79nrnl,SheenSimpson,2384,2018-05-22,Flash,False,y8933kwm
Duck Life 2,No Major Glitches,Any%,369530dlwdm4jzodxqk9rm91,Curtabug,2591,2022-11-08,Flash,False,z1g4od7z
Duck Life 2,No Major Glitches,All Level Upgrades,369530dlwdm4jzodgq79nrnl,Gopher,2598,2020-09-19,Flash,False,zxd4kjky
Duck Life 2,No Major Glitches,All Level Upgrades,369530dlwdm4jzodgq79nrnl,ItsRay_Playz,2699,2020-12-31,Flash,False,z0920kjz
Duck Life 2,No Major Glitches,All Level Upgrades,369530dlwdm4jzodgq79nrnl,dtsayshi,2818,2021-07-17,Flash,False,zgg59ljz
Duck Life 2,No Major Glitches,All Level Upgrades,369530dlwdm4jzodgq79nrnl,JavaCyber,3874,2021-01-13,Flash,False,ylo31n3y
Duck Life 2,No Major Glitches,Any%,369530dlwdm4jzodxqk9rm91,OoscarTheProGamer,10568,2021-05-13,Flash,False,ylqqlq3z
Duck Life 2,Glitched,Any%,369530dlvdoq70vk21gej2xl,Cheggjon,46,2018-07-05,Flash,False,zp00vwrm
Duck Life 2,Glitched,Any%,369530dlvdoq70vk21gej2xl,ryo31337,46,2018-09-13,Flash,False,z51rwodm
Duck Life 2,Glitched,Any%,369530dlvdoq70vk21gej2xl,ennopponetwelve,46,2019-05-31,Flash,False,zgknkkvy
Duck Life 2,Glitched,Any%,369530dlvdoq70vk21gej2xl,Fqceless,46,2020-05-15,Flash,False,y25x935y
Duck Life 2,Glitched,Any%,369530dlvdoq70vk21gej2xl,DanielWealth,46,2021-01-11,Flash,False,yv9wwl8z
Duck Life 2,Glitched,Any%,369530dlvdoq70vk21gej2xl,Sabi2798,46,2021-02-26,Flash,False,yj18vgny
Duck Life 2,Glitched,Any%,369530dlvdoq70vk21gej2xl,snivy,46,2022-07-01,Flash,False,y2pn1v7z
Duck Life 2,Glitched,Any%,369530dlvdoq70vk21gej2xl,Caarda,46,2022-07-02,Flash,False,yddv9v0y
Duck Life 2,Glitched,Any%,369530dlvdoq70vk21gej2xl,badmuchachob,46,2022-12-22,Flash,False,yj83q4gm
Duck Life 2,Glitched,Any%,369530dlvdoq70vk21gej2xl,Jollyc,46,2023-01-02,Flash,False,ywvdrk2z
Duck Life 2,Glitched,Any%,369530dlvdoq70vk21gej2xl,9Withers,47,2021-03-26,Flash,False,y9ng3qkz
Duck Life 2,Glitched,Any%,369530dlvdoq70vk21gej2xl,schefey,48,2017-10-14,Flash,False,zpq9qlny
Duck Life 2,Glitched,Any%,369530dlvdoq70vk21gej2xl,Wurtweakle,48,2020-08-17,Flash,False,z054958m
Duck Life 2,Glitched,Any%,369530dlvdoq70vk21gej2xl,mckinley,48,2021-02-12,Flash,False,y9nl72ez
Duck Life 2,Glitched,Any%,369530dlvdoq70vk21gej2xl,NoBoundaries,48,2021-03-25,Flash,False,me9d618z
Duck Life 2,Glitched,Any%,369530dlvdoq70vk21gej2xl,Gabriel.Hartman,49,2017-01-19,Flash,False,7z02lwom
Duck Life 2,Glitched,Any%,369530dlvdoq70vk21gej2xl,TheGlitched64,49,2018-06-06,Flash,False,yo2vwqjz
Duck Life 2,Glitched,Any%,369530dlvdoq70vk21gej2xl,Juggzy,49,2021-01-17,Flash,False,ylo9o2xy
Duck Life 2,Glitched,Any%,369530dlvdoq70vk21gej2xl,NinjaSquirrel,49,2021-02-09,Flash,False,zx6od5gz
Duck Life 2,Glitched,Any%,369530dlvdoq70vk21gej2xl,SheenSimpson,51,2018-05-22,Flash,False,y2q99wjy
Duck Life 2,Glitched,Any%,369530dlvdoq70vk21gej2xl,piplup17,51,2018-06-05,Flash,False,y8934n5m
Duck Life 2,Glitched,Any%,369530dlvdoq70vk21gej2xl,MediumEngine,51,2021-02-02,Flash,False,yo99781y
Duck Life 2,Glitched,Any%,369530dlvdoq70vk21gej2xl,marshalland,51,2021-02-10,Flash,False,mr4nlk7z
Duck Life 2,Glitched,Any%,369530dlvdoq70vk21gej2xl,MeepMan505,59,2020-12-28,Flash,False,y91goqrm
Duck Life 2,Glitched,Any%,369530dlvdoq70vk21gej2xl,Nicko893,61,2018-09-16,Flash,False,zg7g54ez
Duck Life 2,Glitched,Any%,369530dlvdoq70vk21gej2xl,TravesScott,329,2020-08-23,Flash,False,z05geoem
Duck Life 2,Glitched,No Tab,369530dlvdoq70vkklrjzy0q,Caarda,414,2023-12-01,Flash,False,y6qo0pqz
Duck Life 2,Glitched,No Tab,369530dlvdoq70vkklrjzy0q,Sabi2798,416,2023-05-21,Flash,False,z1l5279m
Duck Life 2,Glitched,No Tab,369530dlvdoq70vkklrjzy0q,snivy,441,2022-06-30,Flash,False,zp9k4qxm
Duck Life 2,Glitched,No Tab,369530dlvdoq70vkklrjzy0q,Cheggjon,448,2020-05-30,Flash,False,ylkevn2z
Duck Life 2,Glitched,No Tab,369530dlvdoq70vkklrjzy0q,ennopponetwelve,453,2020-05-28,Flash,False,zx2oekkm
Duck Life 2,Glitched,No Tab,369530dlvdoq70vkklrjzy0q,Fqceless,473,2018-06-25,Flash,False,zx44kp8y
Duck Life 2,Glitched,No Tab,369530dlvdoq70vkklrjzy0q,TheGlitched64,499,2017-09-20,Flash,False,yo4686jm
Duck Life 2,Glitched,No Tab,369530dlvdoq70vkklrjzy0q,Wurtweakle,512,2020-08-23,Flash,False,ylk8vlrz
Duck Life 2,Glitched,No Tab,369530dlvdoq70vkklrjzy0q,piplup17,555,2016-12-10,Flash,False,9yo54j7z
Duck Life 2,Glitched,All Level Upgrades,369530dlvdoq70vkjqzv6x4l,Caarda,688,2023-12-01,Flash,False,yllne8xy
Duck Life 2,Glitched,All Level Upgrades,369530dlvdoq70vkjqzv6x4l,Sabi2798,689,2023-08-16,Flash,False,z1l0g89m
Duck Life 2,Glitched,All Level Upgrades,369530dlvdoq70vkjqzv6x4l,snivy,759,2022-06-30,Flash,False,y9vp2knm
Duck Life 2,Glitched,All Level Upgrades,369530dlvdoq70vkjqzv6x4l,Cheggjon,772,2020-05-30,Flash,False,yw8jdv2y
Duck Life 2,Glitched,All Level Upgrades,369530dlvdoq70vkjqzv6x4l,ennopponetwelve,784,2020-05-28,Flash,False,m7g7rq9m
Duck Life 2,Glitched,All Level Upgrades,369530dlvdoq70vkjqzv6x4l,Gabriel.Hartman,854,2016-12-12,Flash,False,jy9w57nz
Duck Life 2,Glitched,All Level Upgrades,369530dlvdoq70vkjqzv6x4l,Fqceless,855,2018-06-25,Flash,False,yj443q7y
Duck Life 2,Glitched,All Level Upgrades,369530dlvdoq70vkjqzv6x4l,TheGlitched64,890,2017-09-22,Flash,False,y237o29m
Duck Life 2,Glitched,All Level Upgrades,369530dlvdoq70vkjqzv6x4l,piplup17,958,2020-05-16,Flash,False,zpr13n8m
Duck Life 2,Glitched,All Level Upgrades,369530dlvdoq70vkjqzv6x4l,TezLog,1034,2018-06-20,Flash,False,zg7n1xjz
Duck Life 2,Glitched,All Level Upgrades,369530dlvdoq70vkjqzv6x4l,SheenSimpson,1746,2018-05-23,Flash,False,z11d36jz
Duck Life 2,Glitched,No Tab,369530dlvdoq70vkklrjzy0q,SheenSimpson,1746,2018-05-23,Flash,False,mk9l4w3z
Duck Life 2,In Browser,Any%,369530dl7dg0697kxqkj8e9l,Creepiumgamer,1614,2025-01-29,Web,False,y9pv3n2m
Duck Life 2,In Browser,Any%,369530dl7dg0697kxqkj8e9l,Cheggjon,1683,2024-11-13,Web,False,yoxg1djy
Duck Life 2,In Browser,Any%,369530dl7dg0697kxqkj8e9l,Pragara,1704,2023-03-23,Web,False,zpg588xz
Duck Life 2,In Browser,Any%,369530dl7dg0697kxqkj8e9l,piplup17,1766,2024-12-29,Web,False,ywwq500y
Duck Life 2,In Browser,Any%,369530dl7dg0697kxqkj8e9l,NinjaSquirrel,1857,2021-03-12,Web,False,yw0xgl9m
Duck Life 2,In Browser,Any%,369530dl7dg0697kxqkj8e9l,snivy,1870,2021-08-01,Web,False,zgrn99nm
Duck Life 2,In Browser,Any%,369530dl7dg0697kxqkj8e9l,ennopponetwelve,2028,2021-07-18,Web,False,mr1g3vgz
Duck Life 2,In Browser,Any%,369530dl7dg0697kxqkj8e9l,SpeedrunningDuck,2058,2021-02-03,Web,False,m3nnlq4y
Duck Life 2,In Browser,Any%,369530dl7dg0697kxqkj8e9l,nahchoXD,2270,2021-01-15,Web,False,mk7l6r3y
Duck Life 2,In Browser,Any%,369530dl7dg0697kxqkj8e9l,Jimney55,2385,2024-02-13,Web,False,z0dw7q8y
Duck Life 2,In Browser,Any%,369530dl7dg0697kxqkj8e9l,squareSquared,2421,2021-01-10,Web,False,y8r5g11m
Duck Life 2,In Browser,Any%,369530dl7dg0697kxqkj8e9l,Austamate,2453,2021-01-12,Web,False,yv9wwx8z
Duck Life 2,In Browser,Any%,369530dl7dg0697kxqkj8e9l,sydney_beth,2469,2021-09-12,Web,False,yvorv2ez
Duck Life 2,In Browser,Any%,369530dl7dg0697kxqkj8e9l,Somebody,2476,2021-01-13,Web,False,y663n6jy
Duck Life 2,In Browser,Any%,369530dl7dg0697kxqkj8e9l,chipscape,2481,2022-02-18,Web,False,zq0q1e1y
Duck Life 2,In Browser,Any%,369530dl7dg0697kxqkj8e9l,mistysurge,2690,2021-01-08,Web,False,zgv432ez
Duck Life 2,In Browser,Any%,369530dl7dg0697kxqkj8e9l,RobotMania,2713,2021-10-20,Web,False,yo6qjx7y
Duck Life 2,In Browser,Any%,369530dl7dg0697kxqkj8e9l,Vegandonut,2732,2021-08-13,Web,False,y8e2r81y
Duck Life 2,In Browser,Any%,369530dl7dg0697kxqkj8e9l,origammi,2817,2021-08-03,Web,False,ywkp0lny
Duck Life 2,In Browser,Any%,369530dl7dg0697kxqkj8e9l,TTVillegalkid,2843,2021-01-09,Web,False,zq4xe98m
Duck Life 2,In Browser,Any%,369530dl7dg0697kxqkj8e9l,FreakByrd,3164,2025-12-06,Web,False,y8nxew5y
Duck Life 2,In Browser,Any%,369530dl7dg0697kxqkj8e9l,GradyIndie,3475,2021-01-09,Web,False,me6r3x2z
Duck Life 2,In Browser,Any%,369530dl7dg0697kxqkj8e9l,Rocketdoggy78,3497,2021-04-21,Web,False,y4r159kz
Duck Life 2,In Browser,Any%,369530dl7dg0697kxqkj8e9l,fchy0006,3578,2024-01-18,Web,False,zqd5dexm
Duck Life 2,In Browser,Any%,369530dl7dg0697kxqkj8e9l,Causlycompertitive,3599,2021-04-15,Web,False,z0red4ez
Duck Life 2,In Browser,Any%,369530dl7dg0697kxqkj8e9l,potatoking5537,3620,2021-02-21,Web,False,yo9dnl0y
Duck Life 2,In Browser,Any%,369530dl7dg0697kxqkj8e9l,Indian_gamer2005,3694,2021-08-15,Web,False,mrnkvjgy
Duck Life 2,In Browser,Any%,369530dl7dg0697kxqkj8e9l,JonahCraft7,3705,2021-01-10,Web,False,mk8jw7xm
Duck Life 2,In Browser,Any%,369530dl7dg0697kxqkj8e9l,PeakShoe,3743,2021-04-04,Web,False,yw09nd3m
Duck Life 2,In Browser,Any%,369530dl7dg0697kxqkj8e9l,ljbirk6,4547,2021-11-20,Web,False,m77k6nwm
Duck Life 2,In Browser,Any%,369530dl7dg0697kxqkj8e9l,JAS457,4643,2022-05-07,Web,False,zgpv0gez
Duck Life 3: Evolution,No Major Glitches,Swimming,pdvrmo1wxd1m7grd0139d0d1,Caarda,1790,2022-08-14,Flash,False,zgqwqovy
Duck Life 3: Evolution,No Major Glitches,Athletic,pdvrmo1wxd1m7grdrqvvg77q,Caarda,1792,2023-05-22,Flash,False,zqjw1xrm
Duck Life 3: Evolution,No Major Glitches,Swimming,pdvrmo1wxd1m7grd0139d0d1,ennopponetwelve,1809,2022-08-03,Flash,False,y8xqonnm
Duck Life 3: Evolution,No Major Glitches,Strength,pdvrmo1wxd1m7grd5le29o5l,Caarda,1811,2023-05-27,Flash,False,yj2lnr7m
Duck Life 3: Evolution,No Major Glitches,Athletic,pdvrmo1wxd1m7grdrqvvg77q,ennopponetwelve,1818,2020-07-01,Flash,False,z15leewy
Duck Life 3: Evolution,No Major Glitches,Swimming,pdvrmo1wxd1m7grd0139d0d1,Sabi2798,1825,2022-08-13,Flash,False,yv06rx4z
Duck Life 3: Evolution,No Major Glitches,Athletic,pdvrmo1wxd1m7grdrqvvg77q,Sabi2798,1829,2023-05-28,Flash,False,z0j9ov9y
Duck Life 3: Evolution,No Major Glitches,Athletic,pdvrmo1wxd1m7grdrqvvg77q,pianodude1011,1832,2021-03-31,Flash,False,yw07vx9m
Duck Life 3: Evolution,No Major Glitches,Strength,pdvrmo1wxd1m7grd5le29o5l,ennopponetwelve,1848,2020-04-05,Flash,False,z05ekjjm
Duck Life 3: Evolution,No Major Glitches,Swimming,pdvrmo1wxd1m7grd0139d0d1,Creepiumgamer,1858,2025-02-10,Flash,False,yoqlpv5z
Duck Life 3: Evolution,No Major Glitches,Athletic,pdvrmo1wxd1m7grdrqvvg77q,meepoman1,1859,2021-04-27,Flash,False,zq1wn55m
Duck Life 3: Evolution,No Major Glitches,Flying,pdvrmo1wxd1m7grd5le2ng6l,Caarda,1859,2023-08-08,Flash,False,y86nqn5m
Duck Life 3: Evolution,No Major Glitches,Athletic,pdvrmo1wxd1m7grdrqvvg77q,Cheggjon,1862,2020-06-11,Flash,False,yw83lq2y
Duck Life 3: Evolution,No Major Glitches,Strength,pdvrmo1wxd1m7grd5le29o5l,Sabi2798,1870,2022-06-09,Flash,False,zq7ej9xm
Duck Life 3: Evolution,No Major Glitches,Strength,pdvrmo1wxd1m7grd5le29o5l,pianodude1011,1887,2021-02-11,Flash,False,zgxrlvnm
Duck Life 3: Evolution,No Major Glitches,Athletic,pdvrmo1wxd1m7grdrqvvg77q,SirLampsaLot,1887,2023-01-18,Flash,False,mee4g4qm
Duck Life 3: Evolution,No Major Glitches,Swimming,pdvrmo1wxd1m7grd0139d0d1,pianodude1011,1890,2021-02-11,Flash,False,yw0kg6pm
Duck Life 3: Evolution,No Major Glitches,Flying,pdvrmo1wxd1m7grd5le2ng6l,Sabi2798,1895,2023-08-01,Flash,False,mk0o1l3z
Duck Life 3: Evolution,No Major Glitches,Flying,pdvrmo1wxd1m7grd5le2ng6l,ennopponetwelve,1897,2020-03-29,Flash,False,z05w088m
Duck Life 3: Evolution,No Major Glitches,Strength,pdvrmo1wxd1m7grd5le29o5l,Cheggjon,1899,2019-06-13,Flash,False,yv3j3xxz
Duck Life 3: Evolution,No Major Glitches,Athletic,pdvrmo1wxd1m7grdrqvvg77q,piplup17,1912,2023-12-12,Flash,False,mewo9p3m
Duck Life 3: Evolution,No Major Glitches,Athletic,pdvrmo1wxd1m7grdrqvvg77q,Fqceless,1918,2020-03-31,Flash,False,meokvnqz
Duck Life 3: Evolution,No Major Glitches,Swimming,pdvrmo1wxd1m7grd0139d0d1,meepoman1,1936,2021-04-24,Flash,False,y9958eky
Duck Life 3: Evolution,No Major Glitches,Strength,pdvrmo1wxd1m7grd5le29o5l,meepoman1,1936,2021-04-25,Flash,False,m7dqvg4m
Duck Life 3: Evolution,No Major Glitches,Strength,pdvrmo1wxd1m7grd5le29o5l,Fqceless,1942,2019-08-22,Flash,False,z01r8qey
Duck Life 3: Evolution,No Major Glitches,Flying,pdvrmo1wxd1m7grd5le2ng6l,Fqceless,1944,2021-07-23,Flash,False,zp8nn18y
Duck Life 3: Evolution,No Major Glitches,Athletic,pdvrmo1wxd1m7grdrqvvg77q,snivy,1946,2021-02-09,Flash,False,z067re4z
Duck Life 3: Evolution,No Major Glitches,Athletic,pdvrmo1wxd1m7grdrqvvg77q,Joeeigel,1947,2021-01-02,Flash,False,y4e4e3qm
Duck Life 3: Evolution,No Major Glitches,Strength,pdvrmo1wxd1m7grd5le29o5l,Nicko893,1954,2019-07-01,Flash,False,mk22q93m
Duck Life 3: Evolution,No Major Glitches,Swimming,pdvrmo1wxd1m7grd0139d0d1,ILikeBaguette25,1954,2026-03-11,Flash,False,mkx3oj3z
Duck Life 3: Evolution,No Major Glitches,Athletic,pdvrmo1wxd1m7grdrqvvg77q,DiamondHuskyMC,1959,2021-07-17,Flash,False,y6d1ex0m
Duck Life 3: Evolution,No Major Glitches,Athletic,pdvrmo1wxd1m7grdrqvvg77q,LookAtMeMonkey,1960,2020-09-15,Flash,False,y917jjvm
Duck Life 3: Evolution,No Major Glitches,Flying,pdvrmo1wxd1m7grd5le2ng6l,pianodude1011,1963,2021-03-30,Flash,False,zx6r655z
Duck Life 3: Evolution,No Major Glitches,Swimming,pdvrmo1wxd1m7grd0139d0d1,piplup17,1964,2021-05-28,Flash,False,y8dx2q1z
Duck Life 3: Evolution,No Major Glitches,Athletic,pdvrmo1wxd1m7grdrqvvg77q,JessFMCS,1967,2021-03-08,Flash,False,y66v2gqy
Duck Life 3: Evolution,No Major Glitches,Swimming,pdvrmo1wxd1m7grd0139d0d1,Cheggjon,1969,2020-05-30,Flash,False,yw8j029y
Duck Life 3: Evolution,No Major Glitches,Athletic,pdvrmo1wxd1m7grdrqvvg77q,rothegreat,1973,2021-02-10,Flash,False,me94ep2z
Duck Life 3: Evolution,No Major Glitches,Strength,pdvrmo1wxd1m7grd5le29o5l,piplup17,1976,2020-01-19,Flash,False,zxk028qm
Duck Life 3: Evolution,No Major Glitches,Swimming,pdvrmo1wxd1m7grd0139d0d1,Fqceless,1976,2020-03-25,Flash,False,m3597d6y
Duck Life 3: Evolution,No Major Glitches,Athletic,pdvrmo1wxd1m7grdrqvvg77q,Nicko893,1976,2020-04-02,Flash,False,z1538n7y
Duck Life 3: Evolution,No Major Glitches,Flying,pdvrmo1wxd1m7grd5le2ng6l,Cheggjon,1977,2020-06-11,Flash,False,yjlpn7gz
Duck Life 3: Evolution,No Major Glitches,Athletic,pdvrmo1wxd1m7grdrqvvg77q,TheGlitched64,1982,2016-12-06,Flash,False,dy4nd83m
Duck Life 3: Evolution,No Major Glitches,Athletic,pdvrmo1wxd1m7grdrqvvg77q,Gabriel.Hartman,1989,2017-09-28,Flash,False,yo4r3e7m
Duck Life 3: Evolution,No Major Glitches,Athletic,pdvrmo1wxd1m7grdrqvvg77q,lTurtlesl,2007,2019-02-05,Flash,False,yl4pkq3m
Duck Life 3: Evolution,No Major Glitches,Flying,pdvrmo1wxd1m7grd5le2ng6l,meepoman1,2010,2021-04-24,Flash,False,y9958n2y
Duck Life 3: Evolution,No Major Glitches,Flying,pdvrmo1wxd1m7grd5le2ng6l,piplup17,2013,2021-07-17,Flash,False,zq1x5p9m
Duck Life 3: Evolution,No Major Glitches,Athletic,pdvrmo1wxd1m7grdrqvvg77q,Silentboob,2041,2020-04-26,Flash,False,zx228qem
Duck Life 3: Evolution,No Major Glitches,Swimming,pdvrmo1wxd1m7grd0139d0d1,rothegreat,2052,2022-06-25,Flash,False,yw3g973m
Duck Life 3: Evolution,No Major Glitches,Strength,pdvrmo1wxd1m7grd5le29o5l,snivy,2053,2021-08-01,Flash,False,y8eqnnny
Duck Life 3: Evolution,No Major Glitches,Strength,pdvrmo1wxd1m7grd5le29o5l,DiamondHuskyMC,2056,2022-08-14,Flash,False,y4xw633z
Duck Life 3: Evolution,No Major Glitches,Athletic,pdvrmo1wxd1m7grdrqvvg77q,BlueberryMuffinns,2064,2022-06-04,Flash,False,m33xqrqm
Duck Life 3: Evolution,No Major Glitches,Athletic,pdvrmo1wxd1m7grdrqvvg77q,Regia,2072,2016-11-08,Flash,False,2ywwj20y
Duck Life 3: Evolution,No Major Glitches,Swimming,pdvrmo1wxd1m7grd0139d0d1,snivy,2077,2021-08-01,Flash,False,ydeqop0m
Duck Life 3: Evolution,No Major Glitches,Athletic,pdvrmo1wxd1m7grdrqvvg77q,schefey,2092,2017-10-14,Flash,False,y23p9e6m
Duck Life 3: Evolution,No Major Glitches,Athletic,pdvrmo1wxd1m7grdrqvvg77q,Blaze_ADAWG,2104,2023-12-16,Flash,False,znee12vz
Duck Life 3: Evolution,No Major Glitches,Flying,pdvrmo1wxd1m7grd5le2ng6l,snivy,2114,2021-08-01,Flash,False,ylr9523y
Duck Life 3: Evolution,No Major Glitches,Athletic,pdvrmo1wxd1m7grdrqvvg77q,Asherthekid,2118,2021-02-05,Flash,False,zp314gvm
Duck Life 3: Evolution,No Major Glitches,Athletic,pdvrmo1wxd1m7grdrqvvg77q,Aspen71,2121,2021-08-19,Flash,False,yde0jrqm
Duck Life 3: Evolution,No Major Glitches,Strength,pdvrmo1wxd1m7grd5le29o5l,Silentboob,2125,2019-07-25,Flash,False,yj36p13z
Duck Life 3: Evolution,No Major Glitches,Swimming,pdvrmo1wxd1m7grd0139d0d1,JoppeKoira,2128,2026-05-27,Flash,False,ydp4ol0y
Duck Life 3: Evolution,No Major Glitches,Swimming,pdvrmo1wxd1m7grd0139d0d1,Breakfast_Enjoyer,2132,2022-02-11,Flash,False,y4865w2m
Duck Life 3: Evolution,No Major Glitches,Athletic,pdvrmo1wxd1m7grdrqvvg77q,Zourau,2133,2016-10-18,Flash,False,oy2ned7y
Duck Life 3: Evolution,No Major Glitches,Strength,pdvrmo1wxd1m7grd5le29o5l,Bigmoneystar,2140,2022-11-13,Flash,False,yv0d4x6z
Duck Life 3: Evolution,No Major Glitches,Athletic,pdvrmo1wxd1m7grdrqvvg77q,FlipK1cky,2148,2021-01-01,Flash,False,y4e43p2m
Duck Life 3: Evolution,No Major Glitches,Athletic,pdvrmo1wxd1m7grdrqvvg77q,FortniteChipper,2149,2020-03-31,Flash,False,ylk93krz
Duck Life 3: Evolution,No Major Glitches,Strength,pdvrmo1wxd1m7grd5le29o5l,Aspen71,2152,2021-08-23,Flash,False,me497e3y
Duck Life 3: Evolution,No Major Glitches,Strength,pdvrmo1wxd1m7grd5le29o5l,FlipK1cky,2171,2021-01-01,Flash,False,zple0jvm
Duck Life 3: Evolution,No Major Glitches,Strength,pdvrmo1wxd1m7grd5le29o5l,FortniteChipper,2177,2020-04-08,Flash,False,m35oow6y
Duck Life 3: Evolution,No Major Glitches,Athletic,pdvrmo1wxd1m7grdrqvvg77q,ILikeBaguette25,2179,2025-02-16,Flash,False,z5lp8ddy
Duck Life 3: Evolution,No Major Glitches,Athletic,pdvrmo1wxd1m7grdrqvvg77q,SummerPi314159,2195,2026-07-03,Flash,False,mrpqx38z
Duck Life 3: Evolution,No Major Glitches,Strength,pdvrmo1wxd1m7grd5le29o5l,Tatox3,2198,2019-05-24,Flash,False,yd6827vz
Duck Life 3: Evolution,No Major Glitches,Swimming,pdvrmo1wxd1m7grd0139d0d1,WolveVidz,2199,2021-01-03,Flash,False,m3g4854z
Duck Life 3: Evolution,No Major Glitches,Athletic,pdvrmo1wxd1m7grdrqvvg77q,cheesepills,2202,2021-03-03,Flash,False,mk7q7q3y
Duck Life 3: Evolution,No Major Glitches,Swimming,pdvrmo1wxd1m7grd0139d0d1,Xzap77,2216,2025-07-22,Flash,False,z16k7d9m
Duck Life 3: Evolution,No Major Glitches,Athletic,pdvrmo1wxd1m7grdrqvvg77q,hgmarangon,2229,2021-02-08,Flash,False,yloq8gry
Duck Life 3: Evolution,No Major Glitches,Athletic,pdvrmo1wxd1m7grdrqvvg77q,Isuckatgaming2472,2230,2023-10-18,Flash,False,z006dk8z
Duck Life 3: Evolution,No Major Glitches,Athletic,pdvrmo1wxd1m7grdrqvvg77q,TTVDippyCarcass,2240,2021-02-15,Flash,False,zgxd48nm
Duck Life 3: Evolution,No Major Glitches,Strength,pdvrmo1wxd1m7grd5le29o5l,CrystallAura,2262,2020-11-29,Flash,False,z53k11jy
Duck Life 3: Evolution,No Major Glitches,Athletic,pdvrmo1wxd1m7grdrqvvg77q,Thunderr,2273,2022-03-03,Flash,False,ywj2wwnz
Duck Life 3: Evolution,No Major Glitches,Athletic,pdvrmo1wxd1m7grdrqvvg77q,SpeedrunNerd,2277,2022-06-21,Flash,False,yopogn7m
Duck Life 3: Evolution,No Major Glitches,Flying,pdvrmo1wxd1m7grd5le2ng6l,Xzap77,2297,2025-03-28,Flash,False,y4jv83ny
Duck Life 3: Evolution,No Major Glitches,Athletic,pdvrmo1wxd1m7grdrqvvg77q,Xzap77,2297,2025-06-01,Flash,False,z5w0kqgz
Duck Life 3: Evolution,No Major Glitches,Swimming,pdvrmo1wxd1m7grd0139d0d1,TheKarmaMonkey,2301,2020-12-23,Flash,False,yo3eg11y
Duck Life 3: Evolution,No Major Glitches,Athletic,pdvrmo1wxd1m7grdrqvvg77q,ItsHavoc,2302,2022-09-25,Flash,False,z0lx6joz
Duck Life 3: Evolution,No Major Glitches,Athletic,pdvrmo1wxd1m7grdrqvvg77q,DomoDude,2308,2018-08-25,Flash,False,zp0398gm
Duck Life 3: Evolution,No Major Glitches,Athletic,pdvrmo1wxd1m7grdrqvvg77q,Chuf,2321,2022-07-20,Flash,False,y4q409km
Duck Life 3: Evolution,No Major Glitches,Athletic,pdvrmo1wxd1m7grdrqvvg77q,Trent,2330,2017-09-16,Flash,False,yw27542y
Duck Life 3: Evolution,No Major Glitches,Athletic,pdvrmo1wxd1m7grdrqvvg77q,DolphinBoiYT,2339,2021-02-11,Flash,False,m3n74lqy
Duck Life 3: Evolution,No Major Glitches,Athletic,pdvrmo1wxd1m7grdrqvvg77q,Tatox3,2347,2019-05-20,Flash,False,y6l39k0y
Duck Life 3: Evolution,No Major Glitches,Athletic,pdvrmo1wxd1m7grdrqvvg77q,dtsayshi,2360,2021-07-23,Flash,False,zn1dd59m
Duck Life 3: Evolution,No Major Glitches,Strength,pdvrmo1wxd1m7grd5le29o5l,SpeedrunNerd,2365,2022-06-23,Flash,False,mr7v6rgz
Duck Life 3: Evolution,No Major Glitches,Athletic,pdvrmo1wxd1m7grdrqvvg77q,GrowTM,2385,2024-12-04,Flash,False,zpkq41ny
Duck Life 3: Evolution,No Major Glitches,Athletic,pdvrmo1wxd1m7grdrqvvg77q,Yoshikiller109,2397,2021-02-04,Flash,False,yw0qe03m
Duck Life 3: Evolution,No Major Glitches,Athletic,pdvrmo1wxd1m7grdrqvvg77q,VillainPL,2422,2021-04-27,Flash,False,z1r5j7jm
Duck Life 3: Evolution,No Major Glitches,Swimming,pdvrmo1wxd1m7grd0139d0d1,EmiCar,2439,2022-11-13,Flash,False,yjd0j9gy
Duck Life 3: Evolution,No Major Glitches,Athletic,pdvrmo1wxd1m7grdrqvvg77q,CrunchKings,2445,2017-01-04,Flash,False,pm328w6y
Duck Life 3: Evolution,No Major Glitches,Swimming,pdvrmo1wxd1m7grd0139d0d1,TheOGDorkLord,2445,2021-02-12,Flash,False,y2v7lejz
Duck Life 3: Evolution,No Major Glitches,Flying,pdvrmo1wxd1m7grd5le2ng6l,SpeedrunNerd,2448,2022-06-23,Flash,False,zp96d7rm
Duck Life 3: Evolution,No Major Glitches,Athletic,pdvrmo1wxd1m7grdrqvvg77q,ZS45,2479,2017-10-14,Flash,False,yjkpj7gm
Duck Life 3: Evolution,No Major Glitches,Athletic,pdvrmo1wxd1m7grdrqvvg77q,Miiiiiii,2488,2021-03-06,Flash,False,yw0g1q2m
Duck Life 3: Evolution,No Major Glitches,Athletic,pdvrmo1wxd1m7grdrqvvg77q,dogelover5464,2492,2021-02-18,Flash,False,znopxkly
Duck Life 3: Evolution,No Major Glitches,Athletic,pdvrmo1wxd1m7grdrqvvg77q,thecooldog123,2498,2021-11-19,Flash,False,zgr5x5em
Duck Life 3: Evolution,No Major Glitches,Athletic,pdvrmo1wxd1m7grdrqvvg77q,TheOGDorkLord,2513,2021-02-07,Flash,False,y2vxwdjz
Duck Life 3: Evolution,No Major Glitches,Athletic,pdvrmo1wxd1m7grdrqvvg77q,Mydude2_0,2531,2020-12-31,Flash,False,ylv281nm
Duck Life 3: Evolution,No Major Glitches,Flying,pdvrmo1wxd1m7grd5le2ng6l,Cubed776,2538,2024-02-29,Flash,False,yld4832m
Duck Life 3: Evolution,No Major Glitches,Athletic,pdvrmo1wxd1m7grdrqvvg77q,Lowzilla77,2551,2021-02-19,Flash,False,me91ve8z
Duck Life 3: Evolution,No Major Glitches,Flying,pdvrmo1wxd1m7grd5le2ng6l,steago47,2574,2021-02-06,Flash,False,y8vdjoxz
Duck Life 3: Evolution,No Major Glitches,Athletic,pdvrmo1wxd1m7grdrqvvg77q,TRLittleToaster,2581,2021-01-28,Flash,False,yj1lwvdy
Duck Life 3: Evolution,No Major Glitches,Swimming,pdvrmo1wxd1m7grd0139d0d1,Mydude2_0,2590,2020-12-27,Flash,False,yj677nnz
Duck Life 3: Evolution,No Major Glitches,Flying,pdvrmo1wxd1m7grd5le2ng6l,SheenSimpson,2591,2018-05-24,Flash,False,zg73kwvz
Duck Life 3: Evolution,No Major Glitches,Flying,pdvrmo1wxd1m7grd5le2ng6l,MattSucksAtLife,2607,2020-10-23,Flash,False,z096439z
Duck Life 3: Evolution,No Major Glitches,Strength,pdvrmo1wxd1m7grd5le29o5l,one2three4,2607,2021-12-03,Flash,False,z12d9ljy
Duck Life 3: Evolution,No Major Glitches,Flying,pdvrmo1wxd1m7grd5le2ng6l,FreeFood0,2687,2019-08-09,Flash,False,yoj9o85m
Duck Life 3: Evolution,No Major Glitches,Athletic,pdvrmo1wxd1m7grdrqvvg77q,DaemosGhost,2705,2021-08-10,Flash,False,zn0rxovy
Duck Life 3: Evolution,No Major Glitches,Athletic,pdvrmo1wxd1m7grdrqvvg77q,ITXDEMI,2717,2020-12-26,Flash,False,z1o7kwgm
Duck Life 3: Evolution,No Major Glitches,Athletic,pdvrmo1wxd1m7grdrqvvg77q,MattSucksAtLife,2727,2020-10-23,Flash,False,yd09x1qz
Duck Life 3: Evolution,No Major Glitches,Strength,pdvrmo1wxd1m7grd5le29o5l,Ziir_Ghoma,2735,2019-03-15,Flash,False,ywp5ldpz
Duck Life 3: Evolution,No Major Glitches,Athletic,pdvrmo1wxd1m7grdrqvvg77q,potatochip2509,2735,2020-09-10,Flash,False,z535nwey
Duck Life 3: Evolution,No Major Glitches,Swimming,pdvrmo1wxd1m7grd0139d0d1,DoodlyDood,2750,2019-06-09,Flash,False,mreqw8gy
Duck Life 3: Evolution,No Major Glitches,Athletic,pdvrmo1wxd1m7grdrqvvg77q,Flamey02,2770,2021-02-02,Flash,False,y9nnv42z
Duck Life 3: Evolution,No Major Glitches,Athletic,pdvrmo1wxd1m7grdrqvvg77q,Andrew1124,2787,2021-02-11,Flash,False,z18x6lgy
Duck Life 3: Evolution,No Major Glitches,Flying,pdvrmo1wxd1m7grd5le2ng6l,hoodedmerganser54,2842,2021-01-18,Flash,False,y2v3j26z
Duck Life 3: Evolution,No Major Glitches,Athletic,pdvrmo1wxd1m7grdrqvvg77q,WyoBear,2860,2017-12-26,Flash,False,zn8vn78z
Duck Life 3: Evolution,No Major Glitches,Athletic,pdvrmo1wxd1m7grdrqvvg77q,tmonkeyg,2908,2020-10-27,Flash,False,zgvg8qvz
Duck Life 3: Evolution,No Major Glitches,Swimming,pdvrmo1wxd1m7grd0139d0d1,AvatarPapi,2960,2020-11-01,Flash,False,yo3691jy
Duck Life 3: Evolution,No Major Glitches,Strength,pdvrmo1wxd1m7grd5le29o5l,Jackwasneverthere,2962,2020-11-09,Flash,False,mr96wwgm
Duck Life 3: Evolution,No Major Glitches,Strength,pdvrmo1wxd1m7grd5le29o5l,rocketseed,3005,2020-12-31,Flash,False,zxdp5oey
Duck Life 3: Evolution,No Major Glitches,Strength,pdvrmo1wxd1m7grd5le29o5l,Mydude2_0,3049,2020-12-21,Flash,False,y8rg0gnm
Duck Life 3: Evolution,No Major Glitches,Strength,pdvrmo1wxd1m7grd5le29o5l,akivn,3057,2021-01-05,Flash,False,y8r7161m
Duck Life 3: Evolution,No Major Glitches,Flying,pdvrmo1wxd1m7grd5le2ng6l,tabuz,3090,2021-01-01,Flash,False,mr9pj2gm
Duck Life 3: Evolution,No Major Glitches,Strength,pdvrmo1wxd1m7grd5le29o5l,TOM_SUCKS,3109,2020-12-07,Flash,False,m75nwk0z
Duck Life 3: Evolution,No Major Glitches,Athletic,pdvrmo1wxd1m7grdrqvvg77q,Stat02,3123,2021-01-19,Flash,False,y8v9qv1z
Duck Life 3: Evolution,No Major Glitches,Swimming,pdvrmo1wxd1m7grd0139d0d1,Jackwasneverthere,3155,2020-10-23,Flash,False,yj61v3oz
Duck Life 3: Evolution,No Major Glitches,Athletic,pdvrmo1wxd1m7grdrqvvg77q,TripleB,3176,2021-01-16,Flash,False,z06e964z
Duck Life 3: Evolution,No Major Glitches,Athletic,pdvrmo1wxd1m7grdrqvvg77q,brysonbuzan,3208,2021-02-16,Flash,False,yw03dp0m
Duck Life 3: Evolution,No Major Glitches,Flying,pdvrmo1wxd1m7grd5le2ng6l,Ltrain,3267,2021-04-03,Flash,False,y42dqe2m
Duck Life 3: Evolution,No Major Glitches,Athletic,pdvrmo1wxd1m7grdrqvvg77q,Gamer_Ghoul,3276,2021-06-17,Flash,False,y2x2r1wm
Duck Life 3: Evolution,No Major Glitches,Athletic,pdvrmo1wxd1m7grdrqvvg77q,MBSPEEDRUNNER,3279,2021-02-04,Flash,False,y8vv7qdz
Duck Life 3: Evolution,No Major Glitches,Athletic,pdvrmo1wxd1m7grdrqvvg77q,346hipp,3378,2020-12-26,Flash,False,zgv9e7dz
Duck Life 3: Evolution,No Major Glitches,Strength,pdvrmo1wxd1m7grd5le29o5l,LenoraSwagSwagger,3408,2021-06-04,Flash,False,y2xj0p5m
Duck Life 3: Evolution,No Major Glitches,Athletic,pdvrmo1wxd1m7grdrqvvg77q,greatovospeedrunner,3478,2020-08-03,Flash,False,y65jk5jz
Duck Life 3: Evolution,No Major Glitches,Athletic,pdvrmo1wxd1m7grdrqvvg77q,JavaCyber,3630,2021-01-13,Flash,False,y9no68nz
Duck Life 3: Evolution,No Major Glitches,Swimming,pdvrmo1wxd1m7grd0139d0d1,CattyG,3690,2022-11-07,Flash,False,z5x41q5y
Duck Life 3: Evolution,No Major Glitches,Strength,pdvrmo1wxd1m7grd5le29o5l,Cocomonsta,3814,2020-11-30,Flash,False,y91k17em
Duck Life 3: Evolution,No Major Glitches,Athletic,pdvrmo1wxd1m7grdrqvvg77q,RamenNoodle323,3959,2021-02-06,Flash,False,zgxggqem
Duck Life 3: Evolution,No Major Glitches,Athletic,pdvrmo1wxd1m7grdrqvvg77q,XCNR,4105,2021-02-16,Flash,False,z06p78jz
Duck Life 3: Evolution,No Major Glitches,Athletic,pdvrmo1wxd1m7grdrqvvg77q,_mich,4220,2021-02-17,Flash,False,m786wkwz
Duck Life 3: Evolution,No Major Glitches,Strength,pdvrmo1wxd1m7grd5le29o5l,the_radish,4242,2020-10-30,Flash,False,zq4v66xm
Duck Life 3: Evolution,No Major Glitches,Strength,pdvrmo1wxd1m7grd5le29o5l,Mercy101,4446,2021-12-25,Flash,False,y9l0jqky
Duck Life 3: Evolution,No Major Glitches,Athletic,pdvrmo1wxd1m7grdrqvvg77q,RedLiamDude,4464,2020-10-24,Flash,False,zxdg9ngy
Duck Life 3: Evolution,No Major Glitches,Athletic,pdvrmo1wxd1m7grdrqvvg77q,KFCbigboy,4488,2021-01-09,Flash,False,y2dl065z
Duck Life 3: Evolution,No Major Glitches,Strength,pdvrmo1wxd1m7grd5le29o5l,GadoradeBottle,4838,2020-11-11,Flash,False,y91v5rvm
Duck Life 3: Evolution,No Major Glitches,Strength,pdvrmo1wxd1m7grd5le29o5l,frogchild,4909,2021-01-08,Flash,False,zpl7l88m
Duck Life 3: Evolution,No Major Glitches,Athletic,pdvrmo1wxd1m7grdrqvvg77q,Cloud42069,5535,2021-12-12,Flash,False,mke97wxm
Duck Life 3: Evolution,No Major Glitches,Strength,pdvrmo1wxd1m7grd5le29o5l,Gamer_Ghoul,5656,2021-01-12,Flash,False,mr4jkj4z
Duck Life 3: Evolution,No Major Glitches,Athletic,pdvrmo1wxd1m7grdrqvvg77q,Speedyturbo,7200,2021-06-09,Flash,False,z5rpvney
Duck Life 3: Evolution,No Major Glitches,All Duck Types,pdvrmo1wxd1m7grdz19396k1,Caarda,7425,2023-05-30,Flash,False,y2gdkq5z
Duck Life 3: Evolution,No Major Glitches,All Duck Types,pdvrmo1wxd1m7grdz19396k1,ennopponetwelve,7653,2020-03-27,Flash,False,mk3lko1z
Duck Life 3: Evolution,No Major Glitches,All Duck Types,pdvrmo1wxd1m7grdz19396k1,pianodude1011,7961,2021-02-11,Flash,False,zp3850vm
Duck Life 3: Evolution,No Major Glitches,All Duck Types,pdvrmo1wxd1m7grdz19396k1,Sabi2798,7989,2021-07-19,Flash,False,ywqlk39y
Duck Life 3: Evolution,No Major Glitches,All Duck Types,pdvrmo1wxd1m7grdz19396k1,Cheggjon,8065,2018-07-15,Flash,False,mr8el5gy
Duck Life 3: Evolution,No Major Glitches,All Duck Types,pdvrmo1wxd1m7grdz19396k1,Fqceless,8082,2023-05-26,Flash,False,z5p3o7em
Duck Life 3: Evolution,No Major Glitches,All Duck Types,pdvrmo1wxd1m7grdz19396k1,Gabriel.Hartman,8130,2017-09-28,Flash,False,zpq2lo8y
Duck Life 3: Evolution,No Major Glitches,All Duck Types,pdvrmo1wxd1m7grdz19396k1,TheGlitched64,8316,2016-12-01,Flash,False,pm3vj6gz
Duck Life 3: Evolution,No Major Glitches,All Duck Types,pdvrmo1wxd1m7grdz19396k1,Aspen71,8617,2021-08-23,Flash,False,m7787v9m
Duck Life 3: Evolution,No Major Glitches,All Duck Types,pdvrmo1wxd1m7grdz19396k1,piplup17,8772,2020-07-30,Flash,False,y4wvglkm
Duck Life 3: Evolution,No Major Glitches,All Duck Types,pdvrmo1wxd1m7grdz19396k1,DiamondHuskyMC,8940,2021-08-11,Flash,False,z1xj76rm
Duck Life 3: Evolution,No Major Glitches,All Duck Types,pdvrmo1wxd1m7grdz19396k1,schefey,9011,2017-10-14,Flash,False,z13p3ojm
Duck Life 3: Evolution,No Major Glitches,All Duck Types,pdvrmo1wxd1m7grdz19396k1,Joeeigel,9159,2016-07-16,Flash,False,2ywnql3y
Duck Life 3: Evolution,No Major Glitches,All Duck Types,pdvrmo1wxd1m7grdz19396k1,Xzap77,9312,2025-07-22,Flash,False,z5wk4nez
Duck Life 3: Evolution,No Major Glitches,All Duck Types,pdvrmo1wxd1m7grdz19396k1,Coldeggman,9342,2021-03-12,Flash,False,y9np02rz
Duck Life 3: Evolution,No Major Glitches,All Duck Types,pdvrmo1wxd1m7grdz19396k1,SheenSimpson,10377,2018-05-24,Flash,False,yvj4364y
Duck Life 3: Evolution,No Major Glitches,All Duck Types,pdvrmo1wxd1m7grdz19396k1,TezLog,10928,2018-06-23,Flash,False,y2qq946y
Duck Life 3: Evolution,No Major Glitches,All Duck Types,pdvrmo1wxd1m7grdz19396k1,SuperM789,11037,2020-08-15,Flash,False,y96v2ley
Duck Life 3: Evolution,Glitched,Any%,pdvrmo1wz27mr5o2p12nwrk1,Sabi2798,529,2021-06-07,Flash,False,zn1vwrvm
Duck Life 3: Evolution,Glitched,Any%,pdvrmo1wz27mr5o2p12nwrk1,ennopponetwelve,546,2021-06-06,Flash,False,y6do4rqm
Duck Life 3: Evolution,Glitched,Any%,pdvrmo1wz27mr5o2p12nwrk1,pianodude1011,554,2021-06-08,Flash,False,zp1w38vz
Duck Life 3: Evolution,Glitched,Any%,pdvrmo1wz27mr5o2p12nwrk1,Caarda,572,2021-06-12,Flash,False,me7l2g0y
Duck Life 3: Evolution,Glitched,Any%,pdvrmo1wz27mr5o2p12nwrk1,snivy,633,2021-08-01,Flash,False,y6978wjy
Duck Life 3: Evolution,Glitched,Any%,pdvrmo1wz27mr5o2p12nwrk1,piplup17,680,2021-06-07,Flash,False,z5rp58gy
Duck Life 3: Evolution,Glitched,All Races,pdvrmo1wz27mr5o2xqkd42yl,Sabi2798,761,2023-03-11,Flash,False,yv8n22om
Duck Life 3: Evolution,Glitched,Any%,pdvrmo1wz27mr5o2p12nwrk1,Fqceless,819,2020-03-31,Flash,False,ywqp0e2y
Duck Life 3: Evolution,Glitched,Any%,pdvrmo1wz27mr5o2p12nwrk1,Cheggjon,963,2017-04-20,Flash,False,ydr39qqz
Duck Life 3: Evolution,Glitched,All Races,pdvrmo1wz27mr5o2xqkd42yl,snivy,1004,2021-08-01,Web,False,yo645gjy
Duck Life 3: Evolution,Glitched,All Duck Types,pdvrmo1wz27mr5o281pj0vk1,Sabi2798,2319,2022-01-15,Flash,False,zgddprvz
Duck Life 3: Evolution,Glitched,All Duck Types,pdvrmo1wz27mr5o281pj0vk1,snivy,2670,2021-08-01,Flash,False,ydeqox0m
Duck Life 3: Evolution,Glitched,All Duck Types,pdvrmo1wz27mr5o281pj0vk1,ennopponetwelve,3258,2021-06-06,Flash,False,zq1en18m
Duck Life 3: Evolution,In Browser,Any%,pdvrmo1wz2741o02gq7jg5rq,Creepiumgamer,2113,2025-01-29,Web,False,y6g096qm
Duck Life 3: Evolution,In Browser,Any%,pdvrmo1wz2741o02gq7jg5rq,Pragara,2140,2023-04-07,Web,False,z1q4qdgy
Duck Life 3: Evolution,In Browser,Any%,pdvrmo1wz2741o02gq7jg5rq,wespoint7,2149,2022-08-09,Web,False,yw64650m
Duck Life 3: Evolution,In Browser,Any%,pdvrmo1wz2741o02gq7jg5rq,snivy,2225,2022-07-18,Web,False,zq7ok2xm
Duck Life 3: Evolution,In Browser,Any%,pdvrmo1wz2741o02gq7jg5rq,Taqqz,2261,2021-03-24,Web,False,yo98221y
Duck Life 3: Evolution,In Browser,Any%,pdvrmo1wz2741o02gq7jg5rq,stankykong,2293,2021-03-11,Web,False,mr4xrg2z
Duck Life 3: Evolution,In Browser,Any%,pdvrmo1wz2741o02gq7jg5rq,NinjaSquirrel,2368,2021-01-26,Web,False,ylok4dxy
Duck Life 3: Evolution,In Browser,Any%,pdvrmo1wz2741o02gq7jg5rq,ennopponetwelve,2401,2019-07-16,Web,False,m3g2wxdz
Duck Life 3: Evolution,In Browser,Any%,pdvrmo1wz2741o02gq7jg5rq,nahchoXD,2518,2021-01-15,Web,False,zp3qn1gm
Duck Life 3: Evolution,In Browser,Any%,pdvrmo1wz2741o02gq7jg5rq,SDGShawn,2626,2021-10-17,Web,False,y69ev7jy
Duck Life 3: Evolution,In Browser,Any%,pdvrmo1wz2741o02gq7jg5rq,Somebody,2757,2021-01-21,Web,False,m3nol56y
Duck Life 3: Evolution,In Browser,Any%,pdvrmo1wz2741o02gq7jg5rq,sydney_beth,2854,2022-01-12,Web,False,z0o7qn8z
Duck Life 3: Evolution,In Browser,Any%,pdvrmo1wz2741o02gq7jg5rq,HecretaryBird,3004,2021-12-31,Web,False,yor3wejy
Duck Life 3: Evolution,In Browser,Any%,pdvrmo1wz2741o02gq7jg5rq,Xzap77,3107,2025-09-22,Web,False,yo5vpe1z
Duck Life 3: Evolution,In Browser,Any%,pdvrmo1wz2741o02gq7jg5rq,FreakByrd,3145,2025-12-06,Web,False,z0kl7qem
Duck Life 3: Evolution,In Browser,Any%,pdvrmo1wz2741o02gq7jg5rq,Coltu7,3412,2025-05-26,Web,False,yw2dw4py
Duck Life 3: Evolution,In Browser,Any%,pdvrmo1wz2741o02gq7jg5rq,Narutosfrog,3457,2021-02-04,Web,False,m3nnewqy
Duck Life 3: Evolution,In Browser,Any%,pdvrmo1wz2741o02gq7jg5rq,MannyFireYT,3477,2021-05-02,Web,False,yjg6xn7y
Duck Life 3: Evolution,In Browser,Any%,pdvrmo1wz2741o02gq7jg5rq,OnlyTheRealist,3504,2021-05-07,Web,False,yjg1d3ny
Duck Life 3: Evolution,In Browser,Any%,pdvrmo1wz2741o02gq7jg5rq,KyGuy090512lolalt,3600,2021-05-25,Web,False,z1rp859m
Duck Life 3: Evolution,In Browser,Any%,pdvrmo1wz2741o02gq7jg5rq,Gabeoplaygameo,3774,2021-01-27,Web,False,znokx53y
Duck Life 3: Evolution,In Browser,Any%,pdvrmo1wz2741o02gq7jg5rq,Galaxy72,3854,2021-02-06,Web,False,me9745qz
Duck Life 3: Evolution,In Browser,Any%,pdvrmo1wz2741o02gq7jg5rq,JAS457,3919,2022-05-07,Web,False,me36532z
Duck Life 3: Evolution,In Browser,Any%,pdvrmo1wz2741o02gq7jg5rq,piplup17,3932,2018-05-21,Web,False,zpl5k9xm
Duck Life 3: Evolution,In Browser,Any%,pdvrmo1wz2741o02gq7jg5rq,Riptid3,3966,2021-02-02,Web,False,znoo169y
Duck Life 3: Evolution,In Browser,Any%,pdvrmo1wz2741o02gq7jg5rq,ljbirk6,4036,2021-11-14,Web,False,z1x4g4gm
Duck Life 3: Evolution,In Browser,Any%,pdvrmo1wz2741o02gq7jg5rq,buddder,4038,2022-09-16,Web,False,y6xon26y
Duck Life 3: Evolution,In Browser,Any%,pdvrmo1wz2741o02gq7jg5rq,MrJazzyYT,4123,2022-05-08,Web,False,m33nnl4m
Duck Life 3: Evolution,In Browser,Any%,pdvrmo1wz2741o02gq7jg5rq,bunkm8,4264,2020-12-20,Web,False,zplo31nm
Duck Life 3: Evolution,In Browser,Any%,pdvrmo1wz2741o02gq7jg5rq,END_XxpowerhousexX6,4267,2021-01-25,Web,False,yv23d9om
Duck Life 3: Evolution,In Browser,Any%,pdvrmo1wz2741o02gq7jg5rq,ArtistTaco,4533,2021-03-10,Web,False,y9nd0pvz
Duck Life 3: Evolution,In Browser,Any%,pdvrmo1wz2741o02gq7jg5rq,abc123connor,4845,2021-10-16,Web,False,zn0x707y
Duck Life 4,No Major Glitches,Any%,4d7ek3677kjo3lz25leo49zq,Caarda,2984,2023-08-26,Flash,False,y4od1rqz
Duck Life 4,No Major Glitches,Any%,4d7ek3677kjo3lz25leo49zq,Sabi2798,3039,2023-08-25,Flash,False,mrlgqo7m
Duck Life 4,No Major Glitches,Any%,4d7ek3677kjo3lz25leo49zq,Cheggjon,3531,2025-10-19,Flash,False,zx52olkm
Duck Life 4,No Major Glitches,Any%,4d7ek3677kjo3lz25leo49zq,Chuf,4078,2023-10-09,Flash,False,y2kv1dwy
Duck Life 4,No Major Glitches,Any%,4d7ek3677kjo3lz25leo49zq,Fqceless,4246,2019-01-19,Flash,False,yj4ov8dy
Duck Life 4,No Major Glitches,Any%,4d7ek3677kjo3lz25leo49zq,ILikeBaguette25,4270,2026-03-21,Flash,False,y8ld361m
Duck Life 4,No Major Glitches,Any%,4d7ek3677kjo3lz25leo49zq,nng_,5012,2020-02-20,Flash,False,z57nq8jm
Duck Life 4,No Major Glitches,Any%,4d7ek3677kjo3lz25leo49zq,TheGlitched64,5292,2018-06-05,Flash,False,yl43w62m
Duck Life 4,No Major Glitches,Any%,4d7ek3677kjo3lz25leo49zq,Swordo,5382,2020-12-29,Flash,False,zplv89rm
Duck Life 4,No Major Glitches,Any%,4d7ek3677kjo3lz25leo49zq,Nick_,5435,2021-03-12,Flash,False,ylox25xy
Duck Life 4,No Major Glitches,Any%,4d7ek3677kjo3lz25leo49zq,ennopponetwelve,5581,2020-05-14,Flash,False,zpr3enxm
Duck Life 4,No Major Glitches,Any%,4d7ek3677kjo3lz25leo49zq,Ergostasiopaidi,5649,2020-12-30,Flash,False,yd0pgv0z
Duck Life 4,No Major Glitches,Any%,4d7ek3677kjo3lz25leo49zq,Asuki15,5686,2021-01-13,Flash,False,yo9v0ojy
Duck Life 4,No Major Glitches,Any%,4d7ek3677kjo3lz25leo49zq,KatPlayz,5719,2020-12-27,Flash,False,y8rnowxm
Duck Life 4,No Major Glitches,Any%,4d7ek3677kjo3lz25leo49zq,Ishfish,6025,2024-08-15,Flash,False,yox70d1y
Duck Life 4,No Major Glitches,Any%,4d7ek3677kjo3lz25leo49zq,Gabriel.Hartman,6172,2017-01-05,Flash,False,wzp5egvy
Duck Life 4,No Major Glitches,Any%,4d7ek3677kjo3lz25leo49zq,GamerMan426,6542,2020-04-14,Flash,False,y65p13pz
Duck Life 4,No Major Glitches,Any%,4d7ek3677kjo3lz25leo49zq,Regia,6634,2018-06-03,Flash,False,mk9lwp5z
Duck Life 4,No Major Glitches,Any%,4d7ek3677kjo3lz25leo49zq,Mohammed555,6738,2025-09-13,Flash,False,me2r4nqm
Duck Life 4,No Major Glitches,Any%,4d7ek3677kjo3lz25leo49zq,CK_Ghost557,6763,2020-04-13,Flash,False,z05302em
Duck Life 4,No Major Glitches,Any%,4d7ek3677kjo3lz25leo49zq,GMD_Capybara,6863,2021-02-06,Flash,False,m78d5o9z
Duck Life 4,No Major Glitches,Any%,4d7ek3677kjo3lz25leo49zq,BP_plays,6872,2021-05-22,Flash,False,yv1qvw8y
Duck Life 4,No Major Glitches,Any%,4d7ek3677kjo3lz25leo49zq,SmockingKidz,6988,2024-05-12,Flash,False,ywgn9knz
Duck Life 4,No Major Glitches,Any%,4d7ek3677kjo3lz25leo49zq,piplup17,7106,2020-08-01,Flash,False,m7gj2e0m
Duck Life 4,No Major Glitches,Any%,4d7ek3677kjo3lz25leo49zq,yuordadl20,7937,2022-03-12,Flash,False,m36862wm
Duck Life 4,No Major Glitches,Any%,4d7ek3677kjo3lz25leo49zq,YoshiChris08,9280,2020-01-06,Flash,False,y21wop9z
Duck Life 4,No Major Glitches,Any%,4d7ek3677kjo3lz25leo49zq,BameGoy,9381,2021-02-03,Flash,False,z066x1jz
Duck Life 4,No Major Glitches,Any%,4d7ek3677kjo3lz25leo49zq,TheDino Rhino,9554,2015-06-14,Flash,False,y81onjdz
Duck Life 4,No Major Glitches,Any%,4d7ek3677kjo3lz25leo49zq,DoctorCringe925,9919,2020-10-22,Flash,False,yd094ojz
Duck Life 4,No Major Glitches,Any%,4d7ek3677kjo3lz25leo49zq,SheenSimpson,10494,2018-05-25,Flash,False,yo2vkrdz
Duck Life 4,Glitched,Any%,4d7ek367xk9pr5gdzqo03k2q,badmuchachob,28,2022-12-24,Flash,False,meeokg0m
Duck Life 4,Glitched,Any%,4d7ek367xk9pr5gdzqo03k2q,Caarda,29,2017-05-07,Flash,False,yvgg7doy
Duck Life 4,Glitched,Any%,4d7ek367xk9pr5gdzqo03k2q,Joeeigel,31,2017-01-02,Flash,False,kz56w4gy
Duck Life 4,Glitched,Any%,4d7ek367xk9pr5gdzqo03k2q,Cheggjon,31,2017-05-02,Flash,False,z5ookxgy
Duck Life 4,Glitched,Any%,4d7ek367xk9pr5gdzqo03k2q,Sabi2798,31,2021-07-30,Flash,False,yo64pv5y
Duck Life 4,Glitched,Any%,4d7ek367xk9pr5gdzqo03k2q,Fqceless,32,2018-06-06,Flash,False,y92oqqvz
Duck Life 4,Glitched,Any%,4d7ek367xk9pr5gdzqo03k2q,s0r3,32,2018-06-06,Flash,False,z03w4vez
Duck Life 4,Glitched,Any%,4d7ek367xk9pr5gdzqo03k2q,ennopponetwelve,37,2020-05-17,Flash,False,zgwgg8jy
Duck Life 4,Glitched,Any%,4d7ek367xk9pr5gdzqo03k2q,piplup17,38,2018-07-02,Flash,False,z033dqez
Duck Life 4,Glitched,Any%,4d7ek367xk9pr5gdzqo03k2q,TheGlitched64,44,2016-12-08,Flash,False,8y8g5q5z
Duck Life 4,Glitched,Any%,4d7ek367xk9pr5gdzqo03k2q,DillThePill08,45,2019-11-26,Flash,False,znre8r9y
Duck Life 4,Glitched,Any%,4d7ek367xk9pr5gdzqo03k2q,Regia,47,2016-08-27,Flash,False,nz1996rm
Duck Life 4,Glitched,Any%,4d7ek367xk9pr5gdzqo03k2q,lucco17,63,2016-06-27,Flash,False,7z0j0g8y
Duck Life 4,Glitched,Any%,4d7ek367xk9pr5gdzqo03k2q,tcw1,74,2016-06-26,Flash,False,nz1lverm
Duck Life 4,Glitched,Any%,4d7ek367xk9pr5gdzqo03k2q,dtsayshi,281,2021-07-17,Flash,False,zxg155gy
Duck Life 4,Glitched,All Races,4d7ek367xk9pr5gd4lxz8rr1,Sabi2798,523,2023-11-24,Flash,False,zqd9169m
Duck Life 4,Glitched,All Races,4d7ek367xk9pr5gd4lxz8rr1,Caarda,525,2022-06-17,Flash,False,yvrp5n6z
Duck Life 4,Glitched,All Races,4d7ek367xk9pr5gd4lxz8rr1,Fqceless,528,2019-01-17,Flash,False,yj4oexdy
Duck Life 4,Glitched,All Races,4d7ek367xk9pr5gd4lxz8rr1,Cheggjon,566,2017-01-05,Flash,False,8y8n711y
Duck Life 4,Glitched,All Races,4d7ek367xk9pr5gd4lxz8rr1,ennopponetwelve,637,2020-05-17,Flash,False,yok77o5z
Duck Life 4,Glitched,All Races,4d7ek367xk9pr5gd4lxz8rr1,Gabriel.Hartman,763,2016-12-30,Flash,False,oy26xvwm
Duck Life 4,Glitched,All Races,4d7ek367xk9pr5gd4lxz8rr1,snivy,789,2025-02-09,Flash,False,mene7r2m
Duck Life 4,Glitched,All Races,4d7ek367xk9pr5gd4lxz8rr1,Regia,823,2016-12-29,Flash,False,8yv5l28m
Duck Life 4,Glitched,Any%,4d7ek367xk9pr5gdzqo03k2q,ItsHavoc,1099,2021-12-17,Flash,False,m7wprp0z
Duck Life 4,Glitched,All Races,4d7ek367xk9pr5gd4lxz8rr1,TheGlitched64,1259,2018-06-11,Flash,False,y2q3vp9y
Duck Life 4,Glitched,All Worlds,4d7ek367xk9pr5gd0130md31,Caarda,2295,2022-07-04,Flash,False,y4qj6rnm
Duck Life 4,Glitched,All Worlds,4d7ek367xk9pr5gd0130md31,ILikeBaguette25,2482,2026-03-26,Flash,False,mrw1ox4y
Duck Life 4,Glitched,All Worlds,4d7ek367xk9pr5gd0130md31,Cheggjon,3281,2018-05-06,Flash,False,y67kpp1m
Duck Life 4,Glitched,All Worlds,4d7ek367xk9pr5gd0130md31,Fqceless,3397,2017-11-04,Flash,False,yjkdkw3m
Duck Life 4,Glitched,Any%,4d7ek367xk9pr5gdzqo03k2q,GamerMan426,6542,2020-04-14,Flash,False,y25qo99y
Duck Life 4,Glitched,Max%,4d7ek367xk9pr5gdrqv7rgwq,Fqceless,11677,2017-11-13,Flash,False,y67xx8jm
Duck Life 4,In Browser,Any%,4d7ek367xd14v3rdzqo9x55q,yee312,3325,2024-07-19,Web,False,y2wqw9wy
Duck Life 4,In Browser,Any%,4d7ek367xd14v3rdzqo9x55q,snivy,3369,2022-05-28,Web,False,yl7706xm
Duck Life 4,In Browser,Any%,4d7ek367xd14v3rdzqo9x55q,Cannon1trick,3450,2022-02-15,Web,False,y8jwnvnz
Duck Life 4,In Browser,Any%,4d7ek367xd14v3rdzqo9x55q,KaundiKat,3594,2024-04-09,Web,False,zq80811z
Duck Life 4,In Browser,Any%,4d7ek367xd14v3rdzqo9x55q,Tjnelz7,3810,2026-07-29,Web,False,yjv1503y
Duck Life 4,In Browser,Any%,4d7ek367xd14v3rdzqo9x55q,NinjaSquirrel,3867,2021-04-03,Web,False,znon1e8y
Duck Life 4,In Browser,Any%,4d7ek367xd14v3rdzqo9x55q,CalvinatorIA,3992,2026-05-14,Web,False,y8lpvgdm
Duck Life 4,In Browser,Any%,4d7ek367xd14v3rdzqo9x55q,CrazyMoses123,4033,2022-09-18,Web,False,yd1go8vy
Duck Life 4,In Browser,Any%,4d7ek367xd14v3rdzqo9x55q,A_Penguin,4068,2022-05-15,Web,False,y60dx30y
Duck Life 4,In Browser,Any%,4d7ek367xd14v3rdzqo9x55q,MrHedgehog1565,4173,2022-01-16,Web,False,y200w45m
Duck Life 4,In Browser,Any%,4d7ek367xd14v3rdzqo9x55q,Me_ow,4358,2025-07-07,Web,False,yjq8xkom
Duck Life 4,In Browser,Any%,4d7ek367xd14v3rdzqo9x55q,zydras07,4439,2021-07-26,Web,False,z07wjk4y
Duck Life 4,In Browser,Any%,4d7ek367xd14v3rdzqo9x55q,Phineas_Tentacles,4545,2022-03-12,Web,False,y9lgl2ey
Duck Life 4,In Browser,Any%,4d7ek367xd14v3rdzqo9x55q,Xzap77,4623,2025-07-23,Web,False,y6jqkqqm
Duck Life 4,In Browser,Any%,4d7ek367xd14v3rdzqo9x55q,cyclo9000,4654,2021-01-31,Web,False,m785k9ez
Duck Life 4,In Browser,Any%,4d7ek367xd14v3rdzqo9x55q,Joe7965,4685,2022-12-20,Web,False,yv83qn4m
Duck Life 4,In Browser,Any%,4d7ek367xd14v3rdzqo9x55q,Luneist,4739,2021-01-01,Web,False,zxdr6x5y
Duck Life 4,In Browser,Any%,4d7ek367xd14v3rdzqo9x55q,HeroJeff21,4764,2021-01-06,Web,False,mk86dwvm
Duck Life 4,In Browser,Any%,4d7ek367xd14v3rdzqo9x55q,ennopponetwelve,4827,2020-08-13,Web,False,m75ve29z
Duck Life 4,In Browser,Any%,4d7ek367xd14v3rdzqo9x55q,SummerPi314159,4876,2022-05-29,Web,False,yjppx8gy
Duck Life 4,In Browser,Any%,4d7ek367xd14v3rdzqo9x55q,ILikeBaguette25,4930,2023-10-14,Web,False,z5kdqv5z
Duck Life 4,In Browser,Any%,4d7ek367xd14v3rdzqo9x55q,zibigibi,4954,2022-11-30,Web,False,y803ngwm
Duck Life 4,In Browser,Any%,4d7ek367xd14v3rdzqo9x55q,wingedhydra235,5065,2020-12-02,Web,False,ylvldj2m
Duck Life 4,In Browser,Any%,4d7ek367xd14v3rdzqo9x55q,Pragara,5082,2023-10-09,Web,False,z5k30kgz
Duck Life 4,In Browser,Any%,4d7ek367xd14v3rdzqo9x55q,pinkcustard2,5182,2021-07-23,Web,False,y69390jy
Duck Life 4,In Browser,Any%,4d7ek367xd14v3rdzqo9x55q,CraftFox06,5221,2021-12-27,Web,False,yvq94eem
Duck Life 4,In Browser,Any%,4d7ek367xd14v3rdzqo9x55q,PapaCharlieL,5240,2026-04-08,Web,False,mrw78e4y
Duck Life 4,In Browser,Any%,4d7ek367xd14v3rdzqo9x55q,Armoredwarrior,5576,2020-11-26,Web,False,y6r2990y
Duck Life 4,In Browser,Any%,4d7ek367xd14v3rdzqo9x55q,AfraidEnd,5645,2021-01-09,Web,False,y914kgvm
Duck Life 4,In Browser,Any%,4d7ek367xd14v3rdzqo9x55q,choppercat,5903,2022-01-07,Web,False,zxlgq55z
Duck Life 4,In Browser,Any%,4d7ek367xd14v3rdzqo9x55q,HarleyCantAim,5979,2022-11-22,Web,False,y80dlpnm
Duck Life 4,In Browser,Any%,4d7ek367xd14v3rdzqo9x55q,Kieron_,6234,2021-01-09,Web,False,z09v7x4z
Duck Life 4,In Browser,Any%,4d7ek367xd14v3rdzqo9x55q,thespecificgamer,6260,2021-02-09,Web,False,zqgvgq1m
Duck Life 4,In Browser,Any%,4d7ek367xd14v3rdzqo9x55q,FreakByrd,6308,2025-12-06,Web,False,y8nxep1y
Duck Life 4,In Browser,Any%,4d7ek367xd14v3rdzqo9x55q,XIAMY144,6355,2024-02-01,Web,False,zg85qkdy
Duck Life 4,In Browser,Any%,4d7ek367xd14v3rdzqo9x55q,JAS457,6581,2022-05-07,Web,False,m33gekgm
Duck Life 4,In Browser,Any%,4d7ek367xd14v3rdzqo9x55q,BigGeorge,6696,2021-02-03,Web,False,m3nnjkwy
Duck Life 4,In Browser,Any%,4d7ek367xd14v3rdzqo9x55q,TTAM,6701,2020-11-05,Web,False,me6j8eqz
Duck Life 4,In Browser,Any%,4d7ek367xd14v3rdzqo9x55q,Calb_er,6779,2024-10-24,Web,False,ywx51w9m
Duck Life 4,In Browser,Any%,4d7ek367xd14v3rdzqo9x55q,Super_Bas,6864,2021-04-13,Web,False,zggn7rdz
Duck Life 4,In Browser,Any%,4d7ek367xd14v3rdzqo9x55q,cocohunter152,7404,2021-03-31,Web,False,yd9x2l0z
Duck Life 4,In Browser,Any%,4d7ek367xd14v3rdzqo9x55q,grain_eater,7405,2021-03-02,Web,False,yv2pw1em
Duck Life 4,In Browser,Any%,4d7ek367xd14v3rdzqo9x55q,Hyphen,8028,2021-02-17,Web,False,zp39dqrm
Duck Life 2013,Any%,,lde3v4j6wkp0qwv2,Cheggjon,3105,2021-04-11,PC,False,yjgj20gy
Duck Life 2013,Any%,,lde3v4j6wkp0qwv2,snivy,3182,2021-01-21,PC,False,z501kwny
Duck Life 2013,Any%,,lde3v4j6wkp0qwv2,rothegreat,3206,2021-01-16,PC,False,z183rjjy
Duck Life 2013,Any%,,lde3v4j6wkp0qwv2,piplup17,3573,2021-05-15,PC,False,zgg2xgez
Duck Life 2013,Any%,,lde3v4j6wkp0qwv2,Sabi2798,3669,2021-06-28,PC,False,z5r61pgy
Duck Life 2013,Any%,,lde3v4j6wkp0qwv2,ILikeBaguette25,3684,2025-01-16,PC,False,zgjr3gvz
Duck Life 2013,Any%,,lde3v4j6wkp0qwv2,GO_G_GAME,3778,2021-04-17,iOS,False,m3ro9xdm
Duck Life 2013,Any%,,lde3v4j6wkp0qwv2,ennopponetwelve,4072,2020-12-26,PC,False,zgv98djz
Duck Life 2013,Any%,,lde3v4j6wkp0qwv2,9Withers,4126,2021-02-22,PC,False,y8vx7enz
Duck Life 2013,Any%,,lde3v4j6wkp0qwv2,Xzap77,4126,2025-02-11,PC,False,y8o0wewm
Duck Life 2013,Any%,,lde3v4j6wkp0qwv2,schefey,5037,2021-01-01,PC,False,zxdr985y
Duck Life 2013,Any%,,lde3v4j6wkp0qwv2,PlexagonsBuff,6467,2021-02-09,PC,False,yv2o2xxm
Duck Life 2013,Max Skills,,lde3v4j6n2yeor1k,snivy,6819,2021-05-26,PC,False,yv1rp06y
Duck Life 2013,Max Skills,,lde3v4j6n2yeor1k,ILikeBaguette25,6853,2025-01-16,PC,False,yoq6v77z
Duck Life: Treasure Hunt,Any%,,kdk97q6mw20zm5vd,snivy,441,2021-11-14,Flash,False,mk5nv2xm
Duck Life: Treasure Hunt,Any%,,kdk97q6mw20zm5vd,9Withers,449,2025-11-04,Flash,False,zg9xe7dm
Duck Life: Treasure Hunt,Any%,,kdk97q6mw20zm5vd,Fqceless,463,2018-07-07,Flash,False,yj44nv3y
Duck Life: Treasure Hunt,Any%,,kdk97q6mw20zm5vd,PlexagonsBuff,472,2021-04-10,Flash,False,me7v798y
Duck Life: Treasure Hunt,Any%,,kdk97q6mw20zm5vd,Cheggjon,480,2018-07-04,Flash,False,y2qqrq7y
Duck Life: Treasure Hunt,Any%,,kdk97q6mw20zm5vd,ILikeBaguette25,489,2026-02-14,Flash,False,yo51ojjz
Duck Life: Treasure Hunt,Any%,,kdk97q6mw20zm5vd,Chuf,492,2024-07-14,Flash,False,meg71w8y
Duck Life: Treasure Hunt,Any%,,kdk97q6mw20zm5vd,Woofstep,509,2020-04-22,Flash,False,mk32jelz
Duck Life: Treasure Hunt,Any%,,kdk97q6mw20zm5vd,Litryt,523,2021-03-29,Flash,False,zgx0vodm
Duck Life: Treasure Hunt,Any%,,kdk97q6mw20zm5vd,cocoface1,562,2021-05-30,Flash,False,y6dxnjqm
Duck Life: Treasure Hunt,Any%,,kdk97q6mw20zm5vd,TheGlitched64,567,2018-07-01,Flash,False,yo22lw5z
Duck Life: Treasure Hunt,Any%,,kdk97q6mw20zm5vd,ennopponetwelve,567,2021-02-13,Flash,False,zqg01x8m
Duck Life: Treasure Hunt,Any%,,kdk97q6mw20zm5vd,schefey,698,2018-07-03,Flash,False,m3oojxqm
Duck Life: Treasure Hunt,Any%,,kdk97q6mw20zm5vd,Eighty_Bity,738,2024-11-07,Flash,False,ydlx31qz
Duck Life: Treasure Hunt,Any%,,kdk97q6mw20zm5vd,piplup17,803,2018-07-05,Flash,False,y899431m
Duck Life: Treasure Hunt,Any%,,kdk97q6mw20zm5vd,Regia,1265,2016-11-05,Flash,False,7z084o9m
Duck Life: Treasure Hunt,Any%,,kdk97q6mw20zm5vd,dtsayshi,1617,2021-01-27,Flash,False,y9n084rz
Duck Life: Treasure Hunt,Any%,,kdk97q6mw20zm5vd,FreakByrd,2062,2025-12-06,Flash,False,yv50ox6m
Duck Life: Treasure Hunt,Olympian%,,kdk97q6m9kvy700k,snivy,8304,2021-11-15,Flash,False,y2742owz
Duck Life: Treasure Hunt,Olympian%,,kdk97q6m9kvy700k,Cheggjon,8832,2018-07-01,Flash,False,me88e68m
Duck Life: Treasure Hunt,Olympian%,,kdk97q6m9kvy700k,NinjaSquirrel,9160,2021-03-07,Flash,False,ylodvjky
Duck Life: Treasure Hunt,Olympian%,,kdk97q6m9kvy700k,TheGlitched64,9838,2018-06-30,Flash,False,yd331ewz
Duck Life: Treasure Hunt,Olympian%,,kdk97q6m9kvy700k,PlexagonsBuff,12352,2021-01-09,Flash,False,y2dld65z
Duck Life: Treasure Hunt,Olympian%,,kdk97q6m9kvy700k,schefey,12919,2018-07-03,Flash,False,y433lxkz
Duck Life Space,Any%,,9d3z5w1l02q8r1p2,Sabi2798,1397,2025-07-02,PC,False,zx08q7gz
Duck Life Space,Any%,,9d3z5w1l02q8r1p2,Creepiumgamer,1425,2025-06-23,PC,False,m3v689wz
Duck Life Space,Any%,,9d3z5w1l02q8r1p2,Cheggjon,1447,2025-06-13,PC,False,y6j9n2jm
Duck Life Space,Any%,,9d3z5w1l02q8r1p2,snivy,1519,2021-05-25,PC,False,zq171o8m
Duck Life Space,Any%,,9d3z5w1l02q8r1p2,rothegreat,1573,2021-05-27,PC,False,m7d6l85m
Duck Life Space,Any%,,9d3z5w1l02q8r1p2,pianodude1011,1647,2021-06-16,PC,False,y6dqwn1m
Duck Life Space,Any%,,9d3z5w1l02q8r1p2,ILikeBaguette25,1652,2025-02-16,PC,False,ywwrgk2y
Duck Life Space,Any%,,9d3z5w1l02q8r1p2,piplup17,1703,2025-03-12,PC,False,yoqepn0z
Duck Life Space,Any%,,9d3z5w1l02q8r1p2,Nicko893,1713,2019-08-30,PC,False,znr01k3y
Duck Life Space,Any%,,9d3z5w1l02q8r1p2,ennopponetwelve,1715,2021-06-09,PC,False,yv1preey
Duck Life Space,Any%,,9d3z5w1l02q8r1p2,Fqceless,1785,2020-12-28,PC,False,yv9egnoz
Duck Life Space,Any%,,9d3z5w1l02q8r1p2,meepoman1,1819,2021-05-15,PC,False,zq1v41xm
Duck Life Space,Any%,,9d3z5w1l02q8r1p2,Chuf,1882,2023-04-04,PC,False,y96q06ny
Duck Life Space,Any%,,9d3z5w1l02q8r1p2,Caarda,1902,2018-06-19,PC,False,zg7nj5ez
Duck Life Space,Any%,,9d3z5w1l02q8r1p2,TheGlitched64,1934,2018-06-18,PC,False,y927dwkz
Duck Life Space,Any%,,9d3z5w1l02q8r1p2,Regia,1937,2018-06-11,PC,False,zx4vd8ey
Duck Life Space,Any%,,9d3z5w1l02q8r1p2,schefey,2086,2018-06-30,PC,False,yo22dodz
Duck Life Space,Any%,,9d3z5w1l02q8r1p2,Joeeigel,2169,2018-03-05,PC,False,y678p5jm
Duck Life Space,Any%,,9d3z5w1l02q8r1p2,Kazadure,4608,2021-01-23,Android,False,zgxkw7nm
Duck Life Space,Any%,,9d3z5w1l02q8r1p2,CheezItFrog,5884,2025-10-16,PC,False,zx5k0qem
Duck Life Space,Any%,,9d3z5w1l02q8r1p2,Hippo62,9283,2022-09-04,iOS,False,yv0qw46z
Duck Life Space,Max Skills,,9d3z5w1l7kjp6q4k,Sabi2798,3436,2025-07-07,PC,False,yv78o84y
Duck Life Space,Max Skills,,9d3z5w1l7kjp6q4k,Creepiumgamer,3467,2025-03-02,PC,False,ydvlqwvy
Duck Life Space,Max Skills,,9d3z5w1l7kjp6q4k,snivy,3707,2021-05-25,PC,False,ywq3k00y
Duck Life Space,Max Skills,,9d3z5w1l7kjp6q4k,Cheggjon,3751,2021-05-16,PC,False,y6d9x2pm
Duck Life Space,Max Skills,,9d3z5w1l7kjp6q4k,ILikeBaguette25,3769,2025-02-11,PC,False,y2nj4o6y
Duck Life Space,Max Skills,,9d3z5w1l7kjp6q4k,piplup17,4212,2018-01-23,PC,False,yo401ddm
Duck Life Space,Max Skills,,9d3z5w1l7kjp6q4k,Fqceless,4237,2018-01-06,PC,False,yo4o0p5m
Duck Life Space,Max Skills,,9d3z5w1l7kjp6q4k,TheGlitched64,5703,2018-02-26,PC,False,zxv0w4ey
Duck Life Battle,Any%,,nd2enk5dq2575xvd,Creepiumgamer,1782,2025-03-08,PC,False,zxjxe1qy
Duck Life Battle,Any%,,nd2enk5dq2575xvd,ILikeBaguette25,1833,2025-03-07,PC,False,mr0xg68m
Duck Life Battle,Any%,,nd2enk5dq2575xvd,snivy,2093,2021-05-24,PC,False,yv1r4rxy
Duck Life Battle,Any%,,nd2enk5dq2575xvd,Cheggjon,2143,2021-05-13,PC,False,m7ddl4em
Duck Life Battle,Any%,,nd2enk5dq2575xvd,ennopponetwelve,2481,2021-06-11,PC,False,ylq62e3z
Duck Life Battle,Any%,,nd2enk5dq2575xvd,Caarda,4129,2020-12-02,PC,False,m3gkk9qz
Duck Life Battle,Any%,,nd2enk5dq2575xvd,Fqceless,5496,2019-07-30,PC,False,mk28n8lm
Duck Life Battle,Any%,,nd2enk5dq2575xvd,TheGlitched64,5698,2018-10-09,PC,False,zx4l7jgy
Duck Life Battle,Any%,,nd2enk5dq2575xvd,piplup17,5766,2020-07-22,Xbox One,False,mrkdxd4y
Duck Life Battle,No Early Fly,,nd2enk5dzdnn6n7d,ILikeBaguette25,3156,2026-02-14,PC,False,zp57w7ny
Duck Life Battle,No Early Fly,,nd2enk5dzdnn6n7d,snivy,3547,2025-02-23,PC,False,ydv2pl0y
Duck Life Battle,No Early Fly,,nd2enk5dzdnn6n7d,Creepiumgamer,3630,2025-02-24,PC,False,mr02p4gm
Duck Life Battle,No Early Fly,,nd2enk5dzdnn6n7d,Cheggjon,3921,2020-08-29,PC,False,y904242y
Duck Life Battle,No Early Fly,,nd2enk5dzdnn6n7d,ennopponetwelve,4070,2021-07-17,PC,False,y8d7wexz
Duck Life Battle,No Early Fly,,nd2enk5dzdnn6n7d,Caarda,4129,2020-12-02,PC,False,z0rgnq8z
Duck Life Battle,No Early Fly,,nd2enk5dzdnn6n7d,Fqceless,5496,2019-07-30,PC,False,ylq8n5kz
Duck Life Battle,No Early Fly,,nd2enk5dzdnn6n7d,TheGlitched64,5698,2018-10-09,PC,False,yjg08r3y
Duck Life Battle,No Early Fly,,nd2enk5dzdnn6n7d,piplup17,5766,2020-07-22,Xbox One,False,z1req0gm
Duck Life Battle,Glitchless,,nd2enk5dq25xyxwk,ILikeBaguette25,3911,2026-03-14,PC,False,z10r8vgm
Duck Life Battle,Glitchless,,nd2enk5dq25xyxwk,Creepiumgamer,3972,2026-02-01,PC,False,y2r49nwm
Duck Life Battle,Glitchless,,nd2enk5dq25xyxwk,snivy,4750,2022-04-03,PC,False,y883r7dy
Duck Life Battle,Glitchless,,nd2enk5dq25xyxwk,Sabi2798,4782,2022-03-14,PC,False,zq0nn8ry
Duck Life Battle,Glitchless,,nd2enk5dq25xyxwk,ennopponetwelve,5328,2021-07-16,PC,False,yv1dpw6y
Duck Life Adventure,Any%,,9dowev71jdrozgxd,Sabi2798,11467,2022-01-21,PC,False,zq07p08y
Duck Life Adventure,Any%,,9dowev71jdrozgxd,snivy,20431,2021-07-11,PC,False,y4r4g0nz
Duck Life Adventure,Glitchless,,9dowev71xk9v8y6d,Caarda,17302,2025-03-27,PC,False,zq2nv7rz
Duck Life Adventure,Glitchless,,9dowev71xk9v8y6d,snivy,23254,2021-06-18,PC,False,m7dn4j4m
Duck Life Adventure,Glitchless,,9dowev71xk9v8y6d,piplup17,26161,2021-02-23,PC,False,me9e728z
Duck Life 9: The Flock,Any%,,yd4rzpp1xd1p3o7d,Sabi2798,3704,2025-12-23,PC,False,y9wk5kez
Duck Life 9: The Flock,Any%,,yd4rzpp1xd1p3o7d,Cheggjon,3846,2025-10-08,PC,False,z561p8jy
Duck Life 9: The Flock,Any%,,yd4rzpp1xd1p3o7d,piplup17,9541,2024-12-15,PC,False,zn9r849y
Duck Life 9: The Flock,Any%,,yd4rzpp1xd1p3o7d,AidanXV,13905,2024-05-21,PC,False,zgljj9em
Duck Life 9: The Flock,All Trophies,,yd4rzpp1jdrml1l2,piplup17,13725,2024-12-27,PC,False,yww0pvpy
Duck Life 4 Classic,Any%,,j1ln39e69kvvlq3k,Nylad99770,3749,2026-06-16,PC,False,y9gr65nm
Duck Life 4 Classic,Any%,,j1ln39e69kvvlq3k,ILikeBaguette25,3772,2026-06-12,PC,False,y9gqrx2m
Duck Life 4 Classic,Any%,,j1ln39e69kvvlq3k,Sabi2798,5621,2025-12-15,PC,False,mkrvqq5z
Duck Life 4 Classic,Any%,,j1ln39e69kvvlq3k,Cheggjon,5919,2025-10-13,PC,False,yw546g2y
Duck Life 4 Classic,Any%,,j1ln39e69kvvlq3k,SoapAgent,6952,2025-10-07,PC,False,y403qvkz
Duck Life 4 Classic,Any%,,j1ln39e69kvvlq3k,RezzyBxy,7520,2025-10-06,PC,False,zn541glz
